N,P,K,pH,soil_moisture,temperature,humidity,rainfall,yield_kg_per_ha,health_status
89.9,46.9,37.0,5.84,41.1,21.4,67.1,19.3,4609.5,Healthy
77.2,38.6,53.2,5.92,34.3,23.8,66.0,6.2,4218.4,Healthy
93.0,46.8,40.2,8.14,18.3,22.3,77.2,177.6,3609.5,Stressed
110.5,53.1,45.1,6.5,26.5,24.3,52.3,150.5,4560.9,Healthy
75.3,45.7,80.1,7.13,31.8,25.9,38.8,392.4,3574.2,Stressed
75.3,45.6,74.1,5.87,15.8,31.2,67.4,91.0,3814.5,Stressed
111.6,34.5,26.6,5.88,26.1,25.4,69.2,220.8,3153.0,Poor
95.3,35.1,64.9,7.37,42.8,19.1,87.3,140.3,4420.2,Healthy
70.6,24.0,64.6,5.42,52.1,32.7,45.9,148.9,3982.2,Healthy
90.9,71.2,29.3,6.17,30.0,22.8,82.3,67.4,4531.5,Healthy
70.7,26.3,64.7,6.53,44.1,26.7,100.0,38.5,4401.5,Healthy
70.7,34.6,77.7,6.59,12.0,29.2,59.3,218.1,3779.0,Stressed
84.8,34.2,29.8,6.36,42.9,28.0,45.6,45.3,4996.1,Healthy
41.7,58.4,33.5,6.82,25.4,32.5,58.9,61.9,4391.6,Healthy
45.5,40.6,68.3,7.05,38.7,29.4,65.2,47.3,4318.5,Healthy
68.8,63.7,54.9,7.09,32.0,22.7,73.5,66.6,4341.7,Healthy
59.7,34.9,59.9,5.71,50.8,37.9,56.1,50.9,4143.2,Healthy
86.3,49.2,56.1,6.27,24.5,28.0,88.3,3.9,3668.4,Stressed
61.8,32.5,57.0,7.46,42.5,26.3,48.3,171.0,4144.8,Healthy
51.8,77.2,26.1,7.22,31.6,31.8,38.9,47.0,4314.5,Healthy
109.3,27.2,68.9,5.4,33.1,28.2,81.6,71.1,4414.9,Healthy
75.5,49.6,71.1,6.78,32.8,29.0,30.9,12.0,4475.6,Healthy
81.4,54.5,45.9,4.92,24.9,39.5,61.9,0.3,2725.3,Poor
51.5,51.2,49.2,6.54,34.8,25.6,100.0,22.5,4524.5,Healthy
69.1,42.2,22.4,8.02,34.2,25.4,64.8,97.6,3823.2,Stressed
82.2,43.1,59.3,5.74,37.9,27.6,48.2,8.4,4504.9,Healthy
57.0,45.7,60.3,5.83,36.0,32.4,64.1,191.7,3850.7,Stressed
87.5,42.8,48.9,7.11,44.6,19.5,64.2,19.4,3892.7,Healthy
68.0,59.5,70.2,5.27,46.1,17.2,67.4,18.3,3107.5,Poor
74.2,78.2,44.0,5.99,22.4,24.1,74.9,16.0,4370.6,Healthy
68.0,36.6,60.2,6.98,45.4,18.8,49.4,1.1,4048.3,Healthy
117.0,24.5,31.6,5.99,20.8,24.9,90.3,118.2,3999.0,Healthy
79.7,43.7,49.6,6.31,42.1,29.5,68.7,166.4,4523.2,Healthy
58.8,83.7,46.9,7.1,42.4,22.5,75.9,76.2,3920.0,Healthy
96.5,32.9,54.1,6.84,12.1,19.9,55.6,16.7,3223.0,Poor
55.6,69.6,43.3,6.71,36.1,27.3,84.3,26.9,4009.3,Healthy
84.2,70.2,47.6,6.23,29.4,31.3,61.1,51.7,3903.1,Healthy
40.8,36.7,64.9,6.8,25.9,18.5,69.2,246.9,3964.1,Healthy
53.4,53.5,42.1,6.4,51.2,31.1,51.0,22.7,3848.2,Stressed
83.9,69.4,21.1,6.87,27.2,31.1,50.0,105.2,4670.8,Healthy
94.8,39.3,81.5,6.1,25.3,31.8,75.3,46.3,4361.8,Healthy
83.4,41.9,74.9,6.35,35.9,33.1,58.3,28.3,4631.0,Healthy
77.7,36.3,26.7,5.71,43.2,38.0,52.2,48.7,3841.6,Stressed
74.0,29.8,62.4,6.47,33.3,25.2,55.4,5.9,5000.0,Healthy
50.4,35.3,40.9,5.85,49.0,27.5,75.5,128.2,4050.1,Healthy
65.6,26.6,54.7,5.61,41.4,24.9,55.6,22.3,4312.0,Healthy
70.8,45.5,55.3,6.71,8.9,27.0,63.2,103.4,3942.5,Healthy
101.1,33.5,45.8,6.67,28.6,34.7,65.2,5.7,4243.2,Healthy
86.9,48.5,35.9,7.13,28.3,20.3,36.2,248.3,4185.2,Healthy
44.7,21.7,37.6,6.16,40.8,22.7,42.9,17.2,4134.1,Healthy
86.5,50.0,33.5,6.83,5.0,33.9,70.0,171.5,3189.1,Poor
72.3,57.5,35.0,6.94,65.6,32.1,53.9,132.6,3883.0,Healthy
66.5,15.1,48.8,6.86,41.4,25.2,80.9,275.0,4552.3,Healthy
92.2,50.6,37.1,5.84,36.8,31.3,79.5,52.0,4151.3,Healthy
100.6,63.4,62.3,6.62,49.2,28.7,75.8,104.0,3895.6,Healthy
98.6,26.9,76.8,6.79,63.1,34.5,92.3,37.1,3562.1,Stressed
63.2,70.1,39.6,6.51,45.4,27.4,63.8,16.3,4616.1,Healthy
73.8,51.3,54.3,4.83,46.4,32.1,74.7,46.8,4473.4,Healthy
86.6,34.4,59.0,6.63,36.6,40.2,56.2,14.5,3700.4,Stressed
99.5,44.2,58.5,8.27,33.3,30.0,100.0,321.6,3459.6,Stressed
70.4,53.4,51.4,6.21,29.3,27.2,94.8,8.1,4134.9,Healthy
76.3,46.1,63.4,5.92,25.1,30.6,65.2,71.2,4555.2,Healthy
57.9,53.1,58.7,6.8,26.8,25.2,70.8,78.8,4354.5,Healthy
56.1,31.2,27.7,6.75,18.8,38.9,85.4,61.8,3151.7,Poor
96.3,47.5,65.6,7.45,34.1,27.9,62.8,86.8,4522.7,Healthy
107.1,23.8,66.0,5.49,14.8,25.6,55.2,9.9,3434.5,Stressed
78.6,43.3,36.3,7.09,37.3,22.8,78.1,64.8,3992.7,Healthy
100.1,31.4,50.7,6.97,34.6,32.5,66.2,27.1,3845.0,Stressed
87.2,34.0,62.3,6.39,36.8,31.3,67.7,225.3,5000.0,Healthy
67.1,63.5,46.2,6.77,28.7,24.5,52.5,114.9,4503.9,Healthy
87.2,61.4,69.3,7.32,71.9,29.9,39.2,287.5,3304.0,Stressed
110.8,54.1,92.5,7.2,51.3,19.5,68.5,3.1,3805.0,Stressed
79.3,28.6,35.9,5.59,20.1,27.9,78.6,26.9,3788.0,Stressed
111.3,40.3,25.1,7.16,37.8,29.3,61.6,17.4,4296.4,Healthy
27.6,63.2,55.5,6.45,27.7,35.5,86.5,0.9,3972.9,Healthy
96.4,47.1,63.0,6.56,22.8,23.1,54.4,22.2,4314.6,Healthy
81.7,79.8,45.8,6.56,18.9,20.6,49.2,90.8,4324.9,Healthy
74.0,50.9,76.2,6.38,40.2,22.5,64.0,21.0,4645.1,Healthy
81.8,47.9,25.9,7.45,26.8,20.3,63.8,56.9,3549.6,Stressed
40.2,40.4,62.5,6.43,46.6,33.7,76.5,175.0,3961.9,Healthy
75.6,47.0,39.1,5.6,46.9,34.7,53.4,94.7,3298.5,Stressed
87.1,42.7,80.9,6.19,51.5,28.6,85.5,40.2,4962.0,Healthy
109.6,55.6,85.9,6.64,24.8,33.1,94.5,37.3,4282.2,Healthy
69.6,59.4,36.2,7.48,40.7,27.7,64.4,48.7,3967.8,Healthy
63.8,33.2,40.1,6.98,42.6,26.5,83.7,15.6,4245.3,Healthy
70.0,25.0,65.5,5.82,29.3,25.3,49.2,80.4,3991.4,Healthy
98.3,17.5,43.0,8.49,25.7,25.4,81.1,36.2,4092.7,Healthy
86.6,52.6,49.2,6.71,54.3,19.3,80.7,153.0,3674.1,Stressed
69.4,28.4,50.5,7.52,37.7,28.3,78.0,113.0,4283.9,Healthy
90.3,12.7,15.4,6.38,42.6,26.8,64.8,75.4,4410.0,Healthy
81.9,50.8,49.8,6.93,25.1,30.7,20.7,36.2,4370.7,Healthy
99.4,82.4,37.6,7.17,20.4,27.5,55.4,18.9,3705.7,Stressed
66.0,44.9,41.1,7.47,28.2,26.2,55.6,119.7,3447.9,Stressed
73.4,57.6,76.0,7.35,33.5,22.6,50.3,53.3,4129.3,Healthy
72.2,46.2,27.4,7.2,22.2,27.4,66.8,20.4,3507.1,Stressed
50.7,43.5,64.6,6.25,34.9,30.7,58.7,17.4,4313.6,Healthy
85.9,58.8,45.0,6.04,14.7,21.3,52.6,14.5,4279.3,Healthy
85.2,40.6,45.0,6.77,21.6,27.4,49.1,120.1,3534.1,Stressed
80.1,49.0,64.2,7.25,43.1,28.2,54.3,20.8,4081.8,Healthy
75.3,49.8,56.1,6.32,42.2,23.4,81.8,59.8,4500.4,Healthy
51.7,35.0,60.3,7.35,30.3,24.1,55.1,48.1,3989.8,Healthy
71.6,59.9,67.4,7.66,22.8,28.2,57.3,69.3,4084.0,Healthy
73.1,42.4,44.0,5.77,22.7,21.3,58.1,167.7,3816.1,Stressed
64.0,33.7,39.0,5.83,30.5,28.7,70.1,161.8,4192.3,Healthy
76.8,53.0,30.5,6.39,42.7,22.5,71.8,48.0,4331.6,Healthy
88.1,31.5,35.1,6.75,46.1,32.3,20.0,1.2,4244.4,Healthy
117.7,45.4,103.1,6.08,29.0,38.7,80.3,44.5,4010.1,Healthy
83.5,44.9,72.4,7.58,21.2,22.7,86.5,74.6,3611.9,Stressed
85.2,61.3,25.7,6.84,38.2,29.7,49.2,65.3,4705.1,Healthy
78.5,52.1,26.2,6.53,25.1,23.4,50.4,84.3,4339.5,Healthy
41.6,44.6,58.7,5.35,28.8,32.2,58.2,13.4,4099.9,Healthy
79.5,57.3,59.9,5.45,50.9,20.7,53.7,83.2,4005.8,Healthy
81.2,65.9,59.9,6.72,44.9,29.4,68.4,16.1,4545.2,Healthy
129.3,53.4,45.4,4.79,36.9,22.6,35.8,111.1,3999.8,Healthy
76.2,45.2,47.7,7.31,19.7,26.0,48.2,33.1,3861.6,Stressed
86.0,25.3,55.9,6.37,37.5,21.8,88.1,99.0,4732.1,Healthy
79.3,29.0,51.5,9.0,47.8,31.1,51.1,3.9,3566.7,Stressed
56.6,40.4,10.1,8.35,30.5,22.8,83.7,41.9,3126.7,Poor
102.9,35.9,45.9,6.35,51.2,29.8,70.3,97.7,4829.1,Healthy
95.0,42.2,34.7,6.41,50.5,25.3,37.9,20.6,3730.5,Stressed
95.8,45.8,53.2,7.3,55.0,26.4,74.5,126.9,3895.5,Healthy
61.8,52.9,103.7,7.86,38.7,27.7,63.2,79.7,4053.3,Healthy
108.1,43.9,56.6,5.19,42.0,23.2,58.2,70.9,4420.2,Healthy
52.0,52.3,44.4,5.07,52.0,28.1,68.7,34.9,4332.5,Healthy
91.7,46.0,66.6,6.0,40.4,34.7,72.1,52.7,3696.7,Stressed
123.8,15.4,58.7,6.97,29.0,23.1,75.6,72.8,3972.8,Healthy
60.2,30.9,57.6,6.9,29.6,32.9,82.7,51.2,3276.3,Poor
68.7,42.8,60.9,7.36,37.9,34.5,71.1,95.9,4217.0,Healthy
82.0,26.9,87.0,5.54,19.5,22.9,44.4,45.5,3794.6,Stressed
69.9,54.0,29.6,4.65,33.3,19.7,57.9,18.1,4223.7,Healthy
49.0,68.0,58.5,7.19,48.2,28.5,100.0,19.3,4117.9,Healthy
81.4,63.3,33.3,5.84,8.7,24.3,75.9,0.5,3897.3,Healthy
58.8,41.8,60.0,4.89,53.4,36.3,100.0,28.6,3631.1,Stressed
89.5,67.4,33.5,6.62,48.5,27.2,85.9,110.6,4294.9,Healthy
61.6,47.2,42.5,7.13,29.5,23.0,68.6,126.5,3697.7,Stressed
111.0,39.9,44.7,6.4,41.5,21.3,69.5,18.1,4606.5,Healthy
64.3,35.8,67.6,6.13,35.0,32.4,64.5,255.6,3537.3,Stressed
73.6,40.5,66.5,6.37,49.8,24.1,38.9,55.8,4934.0,Healthy
96.3,39.2,27.6,6.2,46.8,27.2,65.3,199.1,4231.3,Healthy
55.4,47.6,51.0,5.42,18.2,31.8,83.2,98.1,4048.7,Healthy
84.5,47.4,37.2,5.93,42.0,24.6,56.0,102.5,4432.3,Healthy
106.1,45.0,27.3,6.92,32.5,26.8,71.2,7.1,4344.4,Healthy
47.9,51.6,46.1,6.76,36.0,26.9,77.8,19.9,4499.6,Healthy
83.7,62.9,44.4,6.63,26.3,30.4,51.4,0.7,4082.1,Healthy
85.2,59.2,93.7,5.7,56.0,30.0,58.2,100.7,3757.7,Stressed
95.6,22.7,57.8,6.35,47.5,25.9,49.7,33.8,4601.0,Healthy
55.3,6.7,25.2,4.76,26.1,27.3,52.7,123.6,3106.1,Poor
53.6,59.0,39.8,6.64,19.0,25.1,45.7,33.1,3591.6,Stressed
90.4,24.5,68.4,7.64,30.4,19.6,51.5,136.9,4380.4,Healthy
85.9,41.6,87.6,5.32,40.2,28.3,86.3,11.2,4433.7,Healthy
85.0,27.4,21.5,6.03,37.9,36.5,51.3,15.2,4020.5,Healthy
86.9,18.0,16.2,6.76,50.0,22.6,66.9,33.3,4723.0,Healthy
66.4,53.1,83.7,7.5,44.5,23.1,57.5,42.0,4093.2,Healthy
84.6,56.4,57.0,6.14,46.6,22.6,82.7,34.3,4926.5,Healthy
85.9,36.4,34.4,5.95,38.9,30.6,84.7,115.4,4450.7,Healthy
65.7,6.1,59.6,4.92,18.3,29.2,78.0,8.2,2901.9,Poor
117.3,36.8,2.6,6.58,32.7,26.2,69.6,34.6,4933.3,Healthy
89.5,50.9,50.1,8.13,47.7,22.4,61.5,145.2,4353.3,Healthy
56.2,22.8,55.9,6.72,34.4,27.5,47.1,5.5,4254.6,Healthy
93.1,47.8,66.6,6.48,41.0,19.2,94.2,228.3,4792.9,Healthy
60.5,44.8,31.7,6.76,31.2,27.7,53.6,343.3,3839.1,Stressed
95.7,53.7,51.5,6.49,22.6,31.4,75.0,7.4,4388.1,Healthy
103.2,46.8,33.3,5.85,33.5,20.7,80.9,27.5,3316.6,Stressed
63.6,30.4,54.6,7.16,38.7,19.3,56.7,37.3,3886.6,Healthy
99.3,62.9,33.9,6.68,27.1,34.9,80.6,119.8,4377.8,Healthy
88.3,42.6,42.7,6.51,32.2,23.9,76.5,72.5,4504.4,Healthy
96.4,44.6,32.1,5.72,23.7,32.7,90.9,82.7,3902.6,Healthy
117.9,31.0,61.7,7.54,48.4,26.2,58.0,113.3,3665.3,Stressed
75.1,38.4,65.5,7.03,31.5,26.2,45.7,10.0,4941.1,Healthy
64.9,31.7,45.8,6.06,52.4,29.2,57.4,143.3,4502.5,Healthy
62.2,42.4,50.7,7.3,53.3,22.6,68.1,97.8,4026.5,Healthy
63.7,70.7,23.9,6.1,34.0,27.7,65.9,68.9,4099.2,Healthy
78.5,24.4,44.6,5.87,22.9,25.1,59.1,176.4,4339.3,Healthy
86.8,20.8,49.1,5.89,10.0,20.4,36.4,96.4,4307.7,Healthy
85.5,67.1,97.2,5.08,17.3,28.7,72.1,18.0,3718.8,Stressed
96.5,41.9,30.0,6.88,18.5,25.7,94.6,44.9,4767.3,Healthy
80.3,35.0,76.4,5.04,51.5,26.2,72.0,54.5,3548.5,Stressed
109.1,60.6,67.9,5.52,36.4,20.9,74.1,4.5,3835.1,Stressed
74.7,35.9,55.1,4.84,39.7,35.0,73.6,247.4,3280.0,Poor
134.4,72.4,81.7,6.43,8.4,31.4,71.0,11.0,3580.1,Stressed
92.5,55.2,56.7,6.38,20.6,31.8,79.0,95.6,4195.1,Healthy
62.9,37.7,57.0,6.24,45.6,25.5,70.9,56.5,4463.1,Healthy
58.6,77.4,49.0,5.67,38.4,18.4,60.3,2.1,4317.6,Healthy
89.6,35.9,72.0,5.56,33.2,36.8,53.1,207.0,4248.7,Healthy
75.5,56.1,69.7,6.87,41.8,26.7,61.3,152.8,4023.2,Healthy
94.3,49.5,38.7,6.06,54.6,23.3,69.7,59.4,4000.5,Healthy
89.5,64.5,26.3,6.75,32.3,29.1,60.3,20.8,4538.8,Healthy
78.5,68.4,46.3,5.79,35.8,32.8,69.7,10.4,3892.1,Healthy
63.1,45.5,35.6,6.64,37.3,26.9,71.6,36.1,4232.8,Healthy
49.7,33.7,48.9,7.54,63.7,33.4,77.5,23.6,3690.7,Stressed
71.1,51.9,72.3,6.97,9.8,32.4,84.2,56.5,3091.0,Poor
97.1,34.8,41.8,6.17,43.2,21.6,66.2,271.5,4153.3,Healthy
84.3,75.2,49.2,6.71,33.6,23.6,45.4,68.4,4600.4,Healthy
55.1,47.0,51.0,6.31,41.8,31.8,59.8,176.5,4178.0,Healthy
83.5,39.5,65.3,6.51,27.1,13.4,65.7,84.2,4416.7,Healthy
87.7,47.8,9.6,6.24,34.4,26.3,37.5,51.6,4223.3,Healthy
62.3,24.8,39.1,6.37,43.5,19.8,85.8,154.3,4830.0,Healthy
83.1,30.4,53.8,6.67,72.4,24.6,67.1,51.0,3765.1,Stressed
81.2,63.0,71.6,5.71,44.7,25.5,70.7,162.4,4584.3,Healthy
57.1,35.1,41.1,5.69,24.8,25.2,85.5,27.6,4197.3,Healthy
87.2,29.3,16.2,5.39,29.9,24.2,55.5,11.0,3665.5,Stressed
91.2,53.0,61.2,5.22,29.6,21.5,73.6,154.7,3284.9,Poor
101.7,62.8,38.6,5.53,13.5,38.5,63.4,70.8,3361.7,Stressed
101.1,55.8,28.6,6.63,31.0,36.3,62.2,175.9,4054.5,Healthy
52.4,59.9,38.8,5.79,43.8,21.2,53.4,222.2,4287.3,Healthy
61.2,33.6,46.7,6.91,19.7,34.9,90.0,4.4,3512.2,Stressed
90.3,23.7,39.1,6.53,47.6,25.0,59.4,55.6,4357.4,Healthy
90.3,67.5,10.3,4.93,40.9,27.6,75.5,37.6,4683.2,Healthy
90.3,40.2,66.1,7.02,26.2,26.7,36.9,78.6,3735.8,Stressed
150.0,41.2,72.9,7.15,33.3,23.7,82.7,126.2,4491.2,Healthy
91.4,64.9,61.7,5.7,54.2,31.9,80.8,26.3,3686.2,Stressed
102.7,53.3,29.5,6.84,43.8,27.6,66.5,65.1,4342.6,Healthy
99.1,51.8,46.4,5.81,35.1,24.6,61.6,98.7,4400.0,Healthy
93.0,77.5,49.9,6.58,32.1,20.5,71.0,11.5,4005.8,Healthy
73.7,35.3,60.8,5.49,35.9,22.5,99.3,134.6,4473.7,Healthy
95.2,58.9,62.0,5.07,28.9,18.8,38.6,74.5,4359.9,Healthy
64.5,45.9,36.8,6.19,9.7,27.1,76.7,238.9,3748.0,Stressed
75.3,49.0,51.5,6.4,59.5,21.0,51.3,33.2,4137.8,Healthy
70.3,67.9,58.2,6.18,36.9,25.7,64.7,9.2,4136.8,Healthy
81.6,52.6,76.2,5.55,39.8,33.9,61.3,56.5,4377.2,Healthy
126.3,53.1,62.7,6.18,34.3,33.0,58.6,7.2,4959.1,Healthy
42.7,61.1,64.2,6.72,26.2,26.8,64.8,279.3,3858.0,Stressed
93.7,39.5,51.5,6.46,32.8,26.6,48.0,3.2,4360.1,Healthy
47.7,32.4,75.4,6.65,15.8,36.4,80.4,112.0,3398.6,Stressed
70.6,29.3,57.4,5.96,62.3,29.6,38.1,59.6,3625.7,Stressed
101.8,15.5,34.5,7.44,20.2,25.4,73.1,36.8,2723.8,Poor
81.3,75.8,75.3,5.56,22.6,19.9,60.1,5.4,3803.5,Stressed
58.4,28.5,62.6,6.89,29.7,29.0,47.4,77.9,3897.6,Healthy
65.7,41.7,42.0,7.45,50.5,31.1,68.0,70.4,3356.2,Stressed
93.6,40.8,41.4,6.88,35.2,23.8,41.6,26.4,4725.6,Healthy
65.4,49.6,55.3,6.34,20.2,28.5,65.6,192.8,3645.4,Stressed
84.3,57.2,58.3,6.08,50.1,25.2,43.7,29.0,4274.8,Healthy
80.9,57.9,53.6,7.33,43.8,26.1,71.9,47.8,4921.6,Healthy
67.0,36.3,55.6,5.36,41.5,14.6,51.1,62.8,3486.2,Stressed
122.9,42.5,80.6,5.72,43.6,25.9,58.2,8.4,3690.9,Stressed
92.7,49.2,69.3,6.18,63.7,31.8,69.4,215.3,3864.7,Stressed
39.5,41.3,53.4,7.49,61.2,23.8,53.4,37.5,4112.4,Healthy
83.7,69.1,66.9,6.8,26.8,27.3,64.1,6.7,3604.4,Stressed
66.8,52.4,31.4,5.73,54.5,23.2,42.3,39.2,4121.7,Healthy
97.0,56.0,57.2,6.25,39.6,28.8,74.5,73.3,4881.3,Healthy
64.1,54.9,82.6,6.01,41.0,25.9,91.5,57.7,3775.1,Stressed
77.7,62.6,46.1,5.93,14.7,22.3,100.0,94.9,4126.8,Healthy
90.1,47.7,34.7,7.28,33.0,33.7,66.4,4.6,4294.7,Healthy
97.3,25.5,38.3,5.4,25.2,31.6,76.8,26.8,3530.2,Stressed
56.0,51.0,30.4,7.79,44.9,24.0,38.3,136.8,4541.3,Healthy
73.3,35.2,35.9,7.16,47.9,29.5,87.5,6.7,4451.2,Healthy
70.5,37.1,43.3,7.37,10.1,29.7,76.6,154.8,3462.7,Stressed
66.9,53.8,24.7,6.13,34.7,30.2,57.7,7.7,4023.1,Healthy
115.3,63.6,50.3,6.38,48.5,18.5,83.6,143.9,3910.9,Healthy
88.1,45.3,66.2,5.35,32.8,32.0,61.2,35.8,3986.3,Healthy
54.8,49.6,33.7,6.08,43.7,24.2,58.1,75.8,4677.5,Healthy
98.4,70.5,77.3,6.89,39.2,25.2,72.1,13.3,4399.3,Healthy
122.4,48.6,59.2,7.54,39.1,40.2,49.0,5.5,3049.3,Poor
100.6,84.0,68.6,5.61,31.7,28.5,80.3,19.5,4449.3,Healthy
49.6,53.5,38.2,6.21,20.4,25.1,49.2,10.9,4057.4,Healthy
70.3,18.6,65.4,6.38,21.5,16.0,49.2,30.0,3670.3,Stressed
105.3,56.3,30.3,5.38,43.5,33.9,51.4,57.8,4256.9,Healthy
65.8,50.7,66.0,6.97,35.2,20.3,76.4,71.1,4943.3,Healthy
88.9,64.3,53.1,5.92,33.3,22.0,55.7,124.8,3362.6,Stressed
95.5,55.1,60.0,6.34,29.9,25.3,44.8,85.4,4743.4,Healthy
61.5,42.9,28.8,6.14,31.3,34.1,55.9,75.1,3534.4,Stressed
78.8,26.6,33.9,5.87,47.6,30.9,64.5,42.5,4218.7,Healthy
15.2,41.9,60.8,6.49,31.0,26.2,47.3,51.4,4412.5,Healthy
59.5,32.2,32.9,6.33,18.9,28.5,47.7,42.8,4095.4,Healthy
74.9,36.3,58.3,6.2,43.9,24.0,96.7,147.7,4384.4,Healthy
55.0,53.8,25.4,5.92,32.5,27.7,52.1,20.9,3444.5,Stressed
112.6,70.0,65.3,6.76,35.4,27.4,60.2,0.5,4208.7,Healthy
51.4,50.9,27.8,7.82,54.3,31.8,59.5,84.3,3773.1,Stressed
71.2,27.1,59.9,6.61,34.8,31.8,58.7,18.1,4664.3,Healthy
82.6,51.7,61.3,7.3,38.5,29.5,74.3,176.7,3948.0,Healthy
108.8,62.9,37.5,5.39,20.9,25.2,79.2,156.7,4140.1,Healthy
51.3,35.9,60.5,6.63,32.4,30.7,60.4,6.4,3991.9,Healthy
103.3,43.0,54.7,5.62,42.3,26.5,46.5,9.0,4469.6,Healthy
80.2,45.2,40.3,5.32,16.3,21.6,84.1,54.7,3417.7,Stressed
60.4,33.2,31.8,5.91,37.4,25.0,63.6,75.2,4472.1,Healthy
89.2,54.7,14.7,7.45,36.2,27.4,91.0,25.7,4484.5,Healthy
84.0,43.2,56.3,7.26,35.5,31.6,31.3,100.9,3872.9,Stressed
68.0,51.3,21.8,6.69,47.4,26.1,67.9,72.3,4182.8,Healthy
81.4,31.7,51.7,5.27,39.0,21.0,93.8,31.4,4218.7,Healthy
72.3,38.4,45.3,6.34,52.7,27.3,59.7,2.1,5000.0,Healthy
82.3,55.8,62.2,6.74,23.1,27.6,61.6,111.0,3965.5,Healthy
93.2,39.4,44.6,6.64,36.6,27.9,69.4,19.3,5000.0,Healthy
111.7,70.9,44.1,5.02,36.0,31.6,56.6,143.9,4570.9,Healthy
55.2,39.0,63.2,5.79,22.2,32.1,60.3,43.6,3717.4,Stressed
122.7,48.4,56.0,6.45,46.5,24.0,59.9,68.8,4492.4,Healthy
41.0,59.0,55.7,6.93,62.9,23.9,55.6,165.1,3614.7,Stressed
77.0,23.7,58.4,4.74,34.8,21.8,83.4,159.4,3836.3,Stressed
91.8,18.6,22.4,6.37,41.1,30.5,71.9,37.2,3849.6,Stressed
85.6,22.1,63.6,6.61,36.0,34.2,68.8,18.7,4233.2,Healthy
67.5,63.9,61.0,7.18,26.4,25.4,77.1,119.4,4735.4,Healthy
75.8,36.7,31.7,7.05,13.2,25.8,61.0,45.4,3508.3,Stressed
70.1,83.4,45.6,6.97,26.5,34.3,53.4,17.1,3663.6,Stressed
68.2,36.5,49.3,5.86,18.3,29.5,56.0,187.8,3096.1,Poor
97.0,47.8,47.6,4.97,55.4,29.2,65.0,17.7,3808.4,Stressed
87.1,68.1,56.0,6.19,33.6,21.0,49.1,2.1,4417.1,Healthy
66.1,75.1,75.8,7.3,30.8,30.4,57.5,1.6,3903.9,Healthy
98.0,75.9,69.5,7.61,45.7,22.4,57.3,77.9,4062.6,Healthy
86.1,63.1,26.4,7.07,21.5,21.3,96.9,86.7,3830.2,Stressed
96.3,60.4,61.2,6.84,25.8,25.3,23.4,29.8,4473.4,Healthy
92.6,53.9,73.9,6.8,35.8,24.1,62.3,30.9,4550.1,Healthy
63.4,56.7,57.0,6.06,47.3,25.9,90.9,33.2,4495.1,Healthy
68.8,36.7,69.6,6.4,41.0,19.8,66.8,91.2,4662.9,Healthy
94.9,32.7,86.2,7.84,38.0,31.8,76.3,4.8,4303.9,Healthy
92.2,44.9,68.4,5.75,35.9,32.6,66.5,211.7,4371.6,Healthy
79.6,42.4,54.5,7.79,39.8,17.3,55.0,20.1,4132.0,Healthy
82.3,38.2,68.8,6.24,37.4,31.9,31.4,400.0,4589.6,Healthy
105.6,55.4,52.6,7.56,22.6,22.9,68.1,15.1,3985.7,Healthy
68.2,59.3,50.4,5.37,35.6,31.3,53.4,118.1,4556.9,Healthy
90.9,46.3,43.7,6.97,22.1,26.7,53.0,20.2,4290.6,Healthy
76.0,67.2,78.1,5.91,36.0,27.1,57.5,6.7,3611.8,Stressed
75.6,27.9,35.3,5.37,29.2,26.1,91.2,166.3,4388.2,Healthy
102.0,42.1,77.6,6.67,65.5,33.1,100.0,156.6,3775.0,Stressed
96.5,34.2,59.0,7.31,34.5,20.8,68.3,41.3,4212.6,Healthy
96.3,17.0,24.8,5.82,18.1,30.0,58.0,97.0,3769.5,Stressed
106.1,43.8,56.6,5.3,33.4,32.5,47.3,65.1,3863.5,Stressed
80.4,43.2,12.2,6.43,41.2,30.6,72.0,153.4,4513.5,Healthy
93.6,67.7,61.3,6.43,55.1,38.6,91.7,30.3,3677.9,Stressed
73.8,54.5,65.9,6.94,27.9,24.4,61.3,59.3,4787.5,Healthy
86.5,29.6,39.3,7.26,16.0,31.8,29.3,53.1,3531.9,Stressed
77.4,72.8,52.2,6.45,44.8,26.5,75.1,34.9,4393.3,Healthy
81.9,63.3,85.2,7.98,18.4,33.2,79.8,177.6,2955.5,Poor
91.9,53.7,40.9,6.68,29.8,27.0,41.2,14.5,4455.8,Healthy
63.6,41.6,30.9,6.22,31.9,25.1,67.6,13.0,4381.5,Healthy
121.8,30.6,76.7,5.21,34.2,33.5,71.8,68.8,3931.6,Healthy
59.9,39.4,85.3,6.29,43.3,24.5,63.9,85.7,4192.7,Healthy
55.7,61.3,50.1,6.23,26.8,19.9,53.1,17.3,3469.3,Stressed
103.2,73.3,68.2,7.27,31.7,24.4,80.2,39.6,4430.4,Healthy
95.8,68.1,74.1,6.87,34.8,30.1,58.9,234.3,4730.1,Healthy
92.5,37.7,36.6,5.56,36.8,34.0,42.7,22.7,3631.7,Stressed
92.6,28.2,41.3,6.64,36.2,27.6,34.3,88.3,5000.0,Healthy
79.8,47.1,72.2,7.04,40.2,33.6,83.9,107.8,4511.3,Healthy
62.1,18.5,80.3,7.72,45.1,20.2,74.2,47.6,3870.9,Stressed
81.5,49.8,60.1,7.21,39.7,24.8,66.3,221.8,4376.5,Healthy
66.5,42.8,34.2,7.11,40.4,25.6,58.4,106.7,4041.1,Healthy
99.5,38.0,85.8,6.55,16.0,26.4,57.1,49.0,4359.9,Healthy
77.1,21.1,40.4,6.81,35.6,27.4,48.9,67.4,4112.4,Healthy
63.5,52.7,44.0,7.5,40.8,30.5,58.5,94.4,3993.9,Healthy
73.6,37.0,56.2,5.43,43.7,24.8,33.2,71.8,4695.8,Healthy
88.3,27.5,78.0,6.22,26.7,27.7,54.0,168.8,3479.0,Stressed
68.7,1.9,65.4,5.88,27.1,26.8,60.3,35.3,3408.7,Stressed
63.6,44.6,57.5,6.8,28.1,22.4,74.1,28.5,4240.7,Healthy
84.9,71.6,58.3,7.48,41.4,26.4,64.4,19.2,4422.7,Healthy
84.9,69.9,50.8,6.02,47.4,26.3,76.9,3.1,4466.1,Healthy
69.9,38.1,60.0,4.59,30.1,26.2,85.2,3.5,3626.5,Stressed
70.6,36.0,4.5,6.17,45.9,27.2,80.9,163.3,5000.0,Healthy
84.6,52.0,44.7,7.23,36.5,27.4,72.1,90.8,4379.0,Healthy
51.0,30.0,54.3,6.93,33.5,24.8,65.2,86.4,4325.7,Healthy
51.9,49.5,29.3,6.84,32.5,33.4,50.3,76.3,3828.2,Stressed
65.6,56.5,57.0,6.28,44.0,21.2,76.1,151.4,4532.0,Healthy
75.7,63.4,46.3,5.48,38.9,23.4,90.2,52.4,4542.2,Healthy
86.2,43.5,81.6,6.91,62.3,40.9,70.1,163.5,3904.0,Healthy
109.5,41.9,78.3,5.83,24.8,21.8,93.8,35.6,3427.7,Stressed
97.2,31.8,41.6,8.25,41.2,20.2,42.1,209.1,3751.5,Stressed
76.8,32.6,47.3,6.96,28.6,30.7,47.7,96.0,4314.2,Healthy
79.6,41.6,48.7,6.04,24.6,16.6,77.8,23.8,4101.3,Healthy
59.9,50.5,41.9,6.01,34.9,25.8,69.0,66.4,4443.4,Healthy
79.6,58.7,53.5,6.43,36.6,37.7,84.7,60.9,4491.4,Healthy
74.2,33.0,36.4,6.31,70.0,19.3,64.8,11.9,3257.4,Poor
86.5,67.4,29.6,7.39,32.8,17.1,52.0,71.6,4524.1,Healthy
63.5,40.9,61.2,6.65,21.4,19.5,61.8,30.2,4366.5,Healthy
90.4,44.7,61.3,5.91,38.3,31.5,42.0,4.3,3863.9,Stressed
110.7,33.8,35.5,8.01,10.1,32.6,48.1,237.5,2537.4,Poor
77.8,8.6,66.1,6.54,33.9,24.4,79.6,82.1,4145.7,Healthy
88.0,58.3,38.6,7.12,35.2,30.4,78.1,167.6,4480.0,Healthy
93.8,56.1,54.6,6.01,44.5,34.0,70.4,90.2,3858.9,Stressed
72.0,40.8,64.8,6.79,46.7,35.9,39.2,35.3,4008.7,Healthy
84.5,46.0,49.4,6.75,29.0,25.8,59.6,57.5,4599.5,Healthy
80.3,52.7,58.2,4.99,33.2,15.5,46.6,90.1,3856.4,Stressed
82.0,21.6,40.7,8.11,25.8,22.9,82.6,258.0,3581.1,Stressed
64.5,37.1,46.5,7.53,21.5,24.9,56.2,23.4,3418.5,Stressed
80.5,56.9,46.3,6.18,38.7,25.7,48.7,166.3,4829.4,Healthy
90.0,26.2,36.6,5.62,19.7,26.1,65.4,206.2,3501.0,Stressed
109.0,49.4,46.8,6.78,30.0,32.6,55.4,88.8,4120.2,Healthy
99.2,24.7,22.1,6.57,23.1,33.4,87.3,214.2,3846.6,Stressed
123.1,52.0,41.2,6.78,41.6,26.1,54.0,40.6,4583.3,Healthy
64.7,44.5,44.9,6.65,56.6,32.5,44.0,244.6,3858.6,Stressed
97.4,20.8,45.4,6.9,19.4,28.8,32.7,97.1,3663.2,Stressed
83.7,62.5,45.7,7.66,12.8,27.3,64.5,3.4,3357.2,Stressed
123.8,34.0,48.9,6.95,33.5,31.5,56.6,189.9,4083.9,Healthy
63.8,32.8,58.6,5.66,35.2,27.4,43.6,53.0,3756.3,Stressed
63.2,48.0,65.7,7.59,37.6,37.3,82.8,49.3,3772.6,Stressed
68.0,62.2,38.3,7.81,29.6,19.8,75.0,66.9,3948.5,Healthy
37.5,29.8,28.3,9.0,32.6,24.4,64.6,12.9,2914.5,Poor
69.5,45.9,31.2,5.6,39.4,26.4,85.5,50.7,4768.3,Healthy
64.8,51.4,41.2,6.69,47.5,29.2,74.9,142.3,4819.1,Healthy
83.0,55.4,43.7,4.83,11.5,33.3,52.7,1.2,2615.5,Poor
86.8,47.6,36.1,6.94,30.6,26.9,49.4,25.5,4779.6,Healthy
117.5,39.5,26.7,6.06,37.6,19.9,77.3,0.2,4144.9,Healthy
99.0,32.6,41.8,8.04,24.0,31.2,70.9,43.0,3677.4,Stressed
68.5,46.3,53.3,5.88,55.8,30.8,67.5,104.2,3846.6,Stressed
62.0,28.9,60.7,5.15,27.4,17.3,52.3,128.3,4006.7,Healthy
89.8,1.2,40.0,6.12,34.5,27.0,74.1,232.3,4295.3,Healthy
53.6,51.5,42.6,4.92,41.7,19.0,53.7,75.0,3671.1,Stressed
116.6,58.6,33.3,7.1,27.9,23.7,63.5,23.5,3646.2,Stressed
103.6,9.6,49.4,4.85,12.8,22.5,86.7,206.3,2609.0,Poor
70.6,29.9,34.7,6.52,29.9,31.0,55.1,119.4,4297.4,Healthy
45.7,54.3,60.3,4.84,47.4,27.6,41.4,68.3,4112.9,Healthy
107.1,75.9,17.9,6.24,31.0,20.6,49.2,95.2,4405.4,Healthy
77.7,45.3,43.5,7.81,24.8,31.4,79.9,206.5,3562.4,Stressed
104.8,34.1,55.4,6.79,46.1,19.8,68.8,99.7,3999.8,Healthy
48.1,42.3,53.3,5.81,31.0,28.7,63.1,36.8,3849.8,Stressed
68.0,65.6,98.5,6.48,28.9,22.9,57.4,99.9,4742.4,Healthy
80.1,35.3,56.3,6.51,36.8,25.2,72.3,3.3,4469.6,Healthy
80.9,33.0,31.9,6.88,44.2,29.5,52.3,39.1,4343.1,Healthy
71.0,37.8,48.3,5.41,63.6,29.6,69.6,41.7,3157.0,Poor
92.5,30.7,18.0,6.97,44.9,33.7,54.0,14.6,4139.1,Healthy
58.6,46.8,48.5,4.34,48.9,26.6,51.5,1.9,3453.5,Stressed
77.2,69.4,35.0,6.0,28.9,28.5,55.4,11.5,4412.5,Healthy
82.4,49.8,66.5,6.11,22.7,24.8,59.4,85.0,4574.4,Healthy
90.3,41.2,40.1,7.01,35.7,27.9,64.3,129.7,4261.8,Healthy
94.2,40.6,47.9,6.52,36.3,29.2,68.5,355.2,4218.7,Healthy
57.5,21.6,38.6,5.38,22.1,26.5,20.0,34.0,3436.4,Stressed
49.3,58.2,81.3,5.71,32.9,18.0,52.9,73.2,3489.4,Stressed
105.6,43.8,44.2,6.66,39.8,28.7,59.1,221.4,4189.2,Healthy
86.6,42.3,83.0,6.44,39.3,28.8,87.6,14.6,4641.6,Healthy
65.0,92.9,64.7,6.04,41.1,23.6,48.8,101.2,4586.3,Healthy
111.0,49.5,58.7,6.12,38.5,20.6,67.4,112.5,4634.2,Healthy
82.3,33.7,56.6,7.06,28.9,34.4,87.4,7.5,3814.9,Stressed
103.6,38.6,57.1,6.09,28.8,29.5,45.3,158.0,4532.3,Healthy
81.4,62.2,15.3,6.43,20.6,25.9,70.9,134.2,4123.5,Healthy
121.2,46.7,45.0,8.24,56.4,21.3,53.0,2.7,3731.4,Stressed
115.1,23.4,65.2,5.36,35.2,22.9,57.4,7.6,3391.2,Stressed
75.0,58.8,49.1,5.02,32.3,33.5,53.0,4.0,2281.5,Poor
99.4,35.0,24.7,7.13,23.9,27.7,54.0,32.6,4002.3,Healthy
92.9,73.1,49.1,5.96,70.2,24.2,100.0,57.0,3197.8,Poor
107.4,61.2,80.7,6.25,22.1,29.5,77.7,60.8,3936.6,Healthy
60.7,38.3,72.4,5.88,29.9,22.9,81.5,24.9,4011.1,Healthy
93.7,64.2,48.9,6.29,40.0,34.5,72.4,194.1,4917.7,Healthy
101.2,46.0,67.1,7.78,42.2,33.8,40.9,36.7,4152.9,Healthy
44.8,57.8,43.4,7.14,46.5,24.7,70.9,3.7,4257.6,Healthy
56.3,52.3,19.3,7.19,56.7,23.9,81.1,28.6,4174.1,Healthy
39.2,32.3,33.4,5.37,41.1,13.9,52.2,60.6,3929.3,Healthy
74.6,35.3,78.1,5.58,22.3,19.6,79.5,42.0,3557.0,Stressed
94.4,60.4,45.1,4.23,31.9,20.3,75.6,25.6,3954.5,Healthy
110.0,40.0,45.6,5.85,38.7,27.7,92.8,11.3,3948.1,Healthy
81.5,38.9,44.6,7.27,59.8,25.4,58.7,136.8,4082.7,Healthy
112.6,30.7,84.3,6.91,18.2,20.3,48.5,400.0,2826.4,Poor
52.4,51.4,79.3,6.32,49.4,25.6,59.6,32.0,4431.1,Healthy
45.9,75.9,89.9,6.48,37.2,29.5,86.5,38.5,4376.9,Healthy
78.9,29.0,47.1,5.95,45.1,29.6,37.6,77.0,4895.8,Healthy
87.7,45.4,55.3,6.66,33.8,17.5,34.0,101.4,3902.1,Healthy
79.3,66.2,22.7,7.11,24.9,26.4,66.3,39.8,3757.4,Stressed
38.7,43.8,76.6,5.21,44.0,20.1,58.4,188.3,4175.6,Healthy
78.2,51.8,29.0,6.74,42.9,31.5,65.1,65.7,4523.3,Healthy
53.9,29.1,53.9,7.25,46.7,30.9,79.2,47.9,4105.6,Healthy
93.4,51.4,30.2,6.17,34.8,22.5,56.7,83.2,4153.8,Healthy
87.3,42.2,39.4,7.06,27.8,23.2,36.9,244.3,3843.9,Stressed
61.2,59.8,34.9,8.75,16.3,24.7,95.7,126.6,3696.2,Stressed
69.7,62.8,39.1,6.42,44.8,15.7,50.0,3.3,4160.7,Healthy
58.8,83.8,40.3,6.81,40.1,28.7,49.1,32.3,4474.0,Healthy
78.7,53.7,40.1,5.91,23.4,25.6,81.6,50.9,4059.4,Healthy
99.1,49.9,65.0,6.65,28.5,31.9,59.2,30.2,3817.0,Stressed
60.3,47.9,30.1,6.87,29.4,21.5,64.0,96.4,4571.6,Healthy
90.1,39.7,54.0,6.66,17.2,23.9,72.2,140.0,4317.7,Healthy
69.4,50.1,71.9,5.68,25.2,19.5,81.3,105.1,4818.4,Healthy
64.1,40.6,40.8,6.67,21.4,22.0,60.0,363.3,3362.7,Stressed
77.9,47.5,37.1,7.67,30.1,21.1,87.8,25.5,4217.9,Healthy
59.3,64.8,45.9,6.86,26.1,32.0,33.0,166.3,3462.0,Stressed
68.9,29.9,71.2,7.27,15.5,23.5,76.4,116.4,3819.1,Stressed
56.0,62.1,53.5,6.31,59.3,27.6,52.4,36.0,4376.1,Healthy
119.3,64.8,40.4,7.1,50.0,25.1,85.6,106.0,3516.1,Stressed
80.7,43.2,58.7,6.72,25.7,20.7,67.1,8.8,4095.5,Healthy
66.0,13.2,30.2,5.74,38.3,26.2,54.9,124.6,4049.1,Healthy
84.3,35.9,62.3,6.75,40.0,30.0,74.9,60.8,4338.7,Healthy
77.8,64.5,57.4,5.71,49.3,21.0,78.4,27.7,4235.2,Healthy
75.6,44.7,44.5,5.99,25.2,31.0,74.6,85.3,4452.6,Healthy
92.3,30.0,34.9,6.65,48.1,22.8,49.6,82.1,4375.9,Healthy
95.2,37.4,34.0,6.74,28.4,24.6,57.7,18.8,4357.7,Healthy
69.4,57.6,59.6,5.55,19.0,29.7,64.9,2.5,3706.4,Stressed
68.5,53.2,72.1,7.34,43.7,23.7,64.4,45.5,4342.7,Healthy
74.5,41.4,38.5,6.96,50.5,27.2,76.2,67.4,3859.7,Stressed
34.0,39.5,58.3,5.94,66.1,25.4,34.8,167.4,4125.9,Healthy
49.7,39.1,12.4,5.27,20.6,27.6,70.0,210.7,3514.3,Stressed
107.3,31.2,39.5,6.38,43.4,15.1,60.7,60.2,4397.5,Healthy
112.9,69.2,49.4,6.14,30.1,17.9,52.4,112.1,3848.0,Stressed
75.0,40.2,33.6,6.59,44.4,30.1,53.9,46.3,4238.2,Healthy
91.5,63.3,33.1,6.21,17.4,32.2,61.8,109.7,3773.1,Stressed
86.2,67.8,38.0,4.89,19.8,22.4,20.0,18.3,2920.0,Poor
141.6,60.0,55.3,6.19,25.7,25.8,54.5,37.1,3539.9,Stressed
102.4,38.5,46.6,6.26,35.9,28.5,51.9,80.5,4296.2,Healthy
77.4,51.1,9.7,7.01,27.3,30.5,73.0,1.5,4085.3,Healthy
60.9,44.6,11.8,5.94,42.9,16.9,52.9,102.5,3911.4,Healthy
47.9,31.4,39.1,7.84,47.3,22.6,61.8,144.4,3506.8,Stressed
84.1,49.9,58.2,4.97,42.2,25.3,88.1,40.8,3969.2,Healthy
64.9,27.3,0.5,7.55,54.4,30.5,79.9,47.5,3387.5,Stressed
51.6,62.8,41.0,6.32,40.0,39.5,78.5,152.5,3995.7,Healthy
67.1,38.0,40.5,7.19,20.4,25.9,57.5,119.6,4726.6,Healthy
58.4,48.0,75.0,6.56,51.4,20.0,73.1,27.2,4598.0,Healthy
113.7,49.2,43.1,7.41,27.7,29.0,61.5,31.3,4319.4,Healthy
97.6,41.1,56.9,6.19,45.9,33.6,62.1,90.9,4763.9,Healthy
79.8,53.8,52.5,5.62,53.9,27.5,71.1,66.3,3721.6,Stressed
109.6,37.9,11.6,7.64,40.5,22.5,56.0,14.2,3628.4,Stressed
81.5,58.1,63.8,6.41,17.0,31.8,87.4,29.7,3512.6,Stressed
62.8,24.8,53.9,6.68,24.0,30.3,62.6,184.2,4442.3,Healthy
110.5,46.9,59.1,7.49,50.9,21.9,74.3,93.2,3947.2,Healthy
90.8,74.1,120.0,5.67,33.0,28.9,86.8,341.3,3225.0,Poor
59.3,30.0,12.5,6.98,36.0,32.0,80.5,116.5,3938.5,Healthy
76.2,34.8,81.0,6.03,44.1,32.9,43.9,227.7,3981.6,Healthy
62.5,52.7,44.8,6.39,43.4,26.7,71.7,19.5,4635.5,Healthy
52.3,47.7,55.2,6.56,38.3,25.2,77.8,118.1,4847.3,Healthy
98.5,50.3,49.2,5.3,32.5,33.1,78.4,1.6,3569.3,Stressed
118.2,52.3,42.4,5.88,31.2,20.9,48.3,88.9,4461.8,Healthy
52.0,54.5,39.7,7.58,45.3,29.2,55.1,50.7,3806.2,Stressed
91.3,61.6,55.9,7.21,41.6,20.1,79.9,34.1,4308.3,Healthy
67.0,51.1,22.7,6.45,31.9,32.3,53.6,158.7,4452.3,Healthy
70.3,41.4,63.5,6.69,48.0,25.7,60.5,154.1,4258.1,Healthy
68.2,55.1,42.5,6.26,33.5,33.3,88.6,1.8,3943.2,Healthy
62.7,73.5,29.7,7.59,24.8,29.5,64.3,75.2,3905.3,Healthy
81.0,43.0,41.9,6.34,25.9,20.9,54.1,36.7,3876.4,Healthy
63.4,30.4,72.6,6.69,23.3,34.1,51.8,43.0,3714.8,Stressed
85.4,61.6,40.4,7.42,31.7,34.8,70.0,142.7,4104.5,Healthy
79.0,43.2,56.5,5.88,49.8,31.4,45.0,29.7,4841.0,Healthy
75.2,12.4,36.8,7.75,25.3,23.2,61.3,229.2,3801.5,Stressed
61.8,57.7,63.6,5.28,37.3,25.5,70.0,15.8,4377.4,Healthy
68.5,37.0,62.3,7.8,27.1,27.7,84.5,86.9,4115.9,Healthy
95.1,43.6,83.3,6.2,31.9,23.5,75.0,89.2,4079.2,Healthy
90.0,50.0,46.8,6.31,16.9,35.5,54.3,23.2,3803.7,Stressed
60.4,47.9,62.0,4.99,32.4,27.7,82.7,31.4,3929.2,Healthy
82.0,55.6,51.8,6.14,32.7,13.5,60.5,144.0,4243.7,Healthy
95.0,38.5,73.3,5.67,41.5,28.7,46.5,114.8,4436.9,Healthy
46.6,52.7,37.1,6.01,37.7,25.3,62.4,31.9,4557.2,Healthy
90.9,41.1,63.4,6.39,20.6,26.6,86.6,61.1,4134.6,Healthy
66.7,56.1,46.5,7.27,48.0,25.2,67.5,5.1,4224.5,Healthy
91.4,54.2,48.8,6.67,37.5,31.0,65.2,18.7,4037.8,Healthy
64.7,31.0,51.7,6.75,37.4,32.6,89.6,53.2,4203.2,Healthy
43.9,61.3,54.5,5.62,34.9,28.4,43.5,7.2,4577.4,Healthy
47.4,37.0,47.9,5.8,28.8,25.3,45.7,148.3,4231.4,Healthy
81.0,57.1,53.9,7.94,37.6,26.8,40.8,101.3,4262.7,Healthy
85.2,50.5,78.4,5.91,40.7,27.1,70.6,230.1,5000.0,Healthy
61.9,72.6,67.7,7.82,14.0,23.0,67.5,94.6,3012.0,Poor
92.8,41.6,65.6,6.31,28.5,29.9,88.1,225.6,3787.5,Stressed
46.8,39.8,41.8,6.5,31.9,29.3,68.7,64.7,4947.1,Healthy
78.7,44.7,34.0,7.36,38.1,34.7,58.9,73.3,4131.4,Healthy
55.8,40.5,67.2,7.52,49.3,33.3,65.0,301.7,3529.8,Stressed
67.0,57.0,65.8,6.41,25.7,23.6,66.8,82.2,3938.1,Healthy
80.9,20.8,76.5,6.19,29.0,31.1,39.9,2.5,4167.8,Healthy
62.8,29.2,39.1,6.46,28.8,22.2,100.0,102.9,4515.4,Healthy
72.3,29.0,45.9,6.77,25.4,30.5,72.8,188.7,3578.9,Stressed
100.1,59.3,20.5,7.21,30.8,24.4,68.2,127.0,4154.6,Healthy
68.5,70.7,42.9,6.5,44.2,21.9,74.2,70.1,4386.9,Healthy
96.7,43.4,67.9,7.0,22.4,28.4,75.6,89.0,4206.9,Healthy
57.4,42.5,41.6,7.81,40.1,13.6,62.9,370.0,3132.0,Poor
90.6,46.1,61.5,6.81,14.6,18.2,55.5,7.6,4234.0,Healthy
108.8,62.4,46.6,6.75,28.3,26.1,74.0,88.0,4691.6,Healthy
30.6,31.1,55.8,5.28,31.0,27.4,70.8,26.7,3709.5,Stressed
64.1,48.6,29.3,4.4,55.1,25.2,52.9,81.8,3508.1,Stressed
91.5,59.6,51.5,6.81,31.7,19.1,86.3,74.8,4289.2,Healthy
75.9,52.5,0.0,6.42,8.6,22.9,69.4,13.3,3329.9,Stressed
87.4,47.8,46.6,6.09,11.0,29.0,75.9,18.5,3553.6,Stressed
67.9,60.0,20.7,6.69,35.4,29.9,85.9,77.8,4245.5,Healthy
81.7,4.5,71.7,6.45,42.4,26.9,65.3,11.0,5000.0,Healthy
76.9,55.2,64.0,7.4,39.5,32.8,69.8,24.7,4548.8,Healthy
103.4,35.2,58.4,6.57,37.0,29.0,77.2,144.3,4913.9,Healthy
85.1,17.5,77.4,5.9,48.9,23.3,54.1,31.7,4279.4,Healthy
86.8,52.7,32.9,7.29,28.5,25.6,65.8,53.6,3776.7,Stressed
71.8,65.6,81.5,6.33,45.7,20.0,66.9,226.6,4196.6,Healthy
70.2,42.9,66.8,6.92,15.4,26.5,50.7,20.6,4221.5,Healthy
71.3,59.3,45.7,6.12,24.1,32.6,99.8,39.5,3466.3,Stressed
87.9,69.2,70.4,5.98,13.3,30.4,43.9,74.6,3938.5,Healthy
71.6,64.7,30.1,6.57,31.7,34.0,45.5,112.6,5000.0,Healthy
85.8,69.6,35.2,6.51,34.4,25.5,84.7,185.5,4883.7,Healthy
121.5,56.1,39.0,6.88,36.4,33.7,75.7,197.7,4626.9,Healthy
97.4,46.1,40.5,6.29,35.7,26.0,49.6,119.9,4703.9,Healthy
73.5,21.0,31.0,5.03,23.9,34.4,74.1,20.7,3642.2,Stressed
104.0,41.3,72.0,6.15,32.7,26.9,87.0,2.0,4075.1,Healthy
71.8,32.4,45.3,7.14,17.0,30.5,64.5,38.7,3944.3,Healthy
39.2,77.6,56.3,6.26,51.4,34.4,100.0,12.2,4092.3,Healthy
59.8,42.4,39.7,6.3,31.4,26.0,39.1,99.1,4553.3,Healthy
42.6,46.8,17.2,7.29,29.1,28.1,75.4,86.6,4442.7,Healthy
73.0,53.3,54.9,5.93,54.1,33.4,82.5,3.6,3690.7,Stressed
80.4,45.7,15.6,5.27,20.1,26.3,78.4,144.9,3601.0,Stressed
113.5,70.4,48.8,6.37,21.5,20.4,61.9,22.9,3991.9,Healthy
86.5,35.7,25.4,6.11,21.8,37.7,60.6,45.3,3263.3,Poor
75.6,47.9,85.8,5.73,34.2,24.7,71.7,88.2,4461.3,Healthy
96.6,33.9,66.4,6.36,40.2,27.8,77.2,44.9,4032.3,Healthy
35.8,25.2,51.9,6.89,43.9,32.8,74.0,46.6,4479.0,Healthy
84.7,35.8,72.7,6.49,65.9,24.0,80.6,5.4,3982.2,Healthy
95.4,44.4,34.8,6.75,8.0,22.0,49.7,41.1,3497.4,Stressed
50.4,38.6,59.8,7.95,42.3,28.3,61.6,115.8,3807.5,Stressed
102.9,34.6,53.6,6.23,28.3,18.0,50.9,197.4,3975.1,Healthy
86.8,23.9,54.8,6.72,28.0,25.6,59.2,42.7,4577.4,Healthy
71.7,43.8,72.9,6.09,27.6,28.2,80.2,44.1,4376.6,Healthy
92.7,22.4,63.2,5.82,24.1,25.7,66.6,97.0,3884.5,Healthy
125.4,56.4,55.2,6.03,55.2,19.3,100.0,228.9,3559.8,Stressed
83.6,46.2,20.2,6.12,45.1,35.0,67.9,24.9,4320.5,Healthy
85.0,23.1,32.7,6.79,35.3,27.5,65.9,46.4,4100.0,Healthy
70.8,40.4,47.8,8.38,51.2,34.2,66.6,127.2,3533.2,Stressed
63.0,33.7,51.7,5.93,16.8,25.7,55.4,75.3,3941.0,Healthy
96.6,49.8,29.7,6.17,19.0,22.6,64.1,9.4,4051.1,Healthy
62.9,65.1,93.4,6.45,8.9,28.3,81.9,79.1,3996.1,Healthy
81.4,16.9,77.3,6.82,26.6,25.9,66.7,16.5,3658.7,Stressed
70.4,46.7,60.8,6.71,36.9,21.1,53.1,57.1,3877.9,Healthy
89.6,42.6,51.3,7.53,36.2,34.3,51.1,60.2,3877.6,Healthy
86.7,55.1,46.2,4.56,36.8,23.9,58.2,167.1,4636.7,Healthy
100.8,48.2,32.9,4.59,18.1,17.8,66.1,49.7,3963.0,Healthy
69.8,33.7,51.4,6.1,44.6,33.6,82.9,26.2,4817.5,Healthy
74.6,40.2,54.6,7.38,37.9,24.5,44.9,21.0,4308.3,Healthy
60.4,33.1,27.6,5.25,43.8,24.0,60.2,165.9,3380.6,Stressed
71.1,61.1,56.0,4.09,12.3,18.2,67.2,15.0,2031.2,Poor
87.5,45.3,47.2,6.96,38.7,35.7,37.5,44.4,4057.9,Healthy
95.1,73.5,15.7,6.69,20.7,20.6,52.5,16.6,3754.3,Stressed
61.6,44.1,34.5,5.63,30.2,27.3,54.8,118.7,4566.6,Healthy
97.4,34.4,42.6,5.71,41.4,31.6,53.1,51.5,4536.6,Healthy
107.1,22.3,84.0,5.72,36.1,29.1,67.9,34.6,4190.0,Healthy
88.3,18.0,60.0,6.59,24.8,26.7,62.6,35.8,3916.7,Healthy
117.5,21.2,26.0,6.0,35.1,18.5,56.7,153.0,3696.5,Stressed
64.5,49.0,58.7,6.9,16.6,23.0,71.4,64.6,4083.8,Healthy
55.1,52.6,22.1,4.22,48.8,27.9,90.8,101.2,3821.7,Stressed
44.4,21.3,69.5,5.81,32.5,23.1,89.6,181.9,4194.7,Healthy
109.9,58.4,41.5,5.6,48.4,28.0,36.2,185.6,3669.1,Stressed
93.1,37.8,48.3,6.29,28.7,30.4,73.7,31.9,4449.1,Healthy
78.9,47.2,73.9,6.07,28.7,31.8,62.3,243.7,4137.7,Healthy
85.6,69.2,26.8,7.14,25.8,20.9,67.3,2.0,3475.9,Stressed
57.5,58.5,24.9,5.01,45.5,38.0,59.0,37.8,3228.3,Poor
128.9,41.0,39.5,6.54,26.5,30.8,66.8,180.9,4302.1,Healthy
82.6,31.6,68.7,6.95,42.7,27.0,67.3,25.7,4361.7,Healthy
82.2,12.7,22.7,7.99,30.4,32.4,56.3,25.5,4073.3,Healthy
94.5,34.2,0.0,6.11,11.3,38.8,51.6,28.8,3351.1,Stressed
89.6,41.8,41.9,6.76,28.2,19.8,58.3,75.8,4080.8,Healthy
84.5,30.2,59.9,5.06,20.9,25.9,68.5,46.1,3722.0,Stressed
64.2,43.0,71.6,4.59,35.4,15.1,74.0,103.8,3712.9,Stressed
89.4,46.2,41.7,7.18,20.7,28.0,77.8,180.2,3643.9,Stressed
117.6,41.6,42.6,6.5,46.1,28.8,57.6,89.7,4167.5,Healthy
106.9,35.2,70.8,7.44,33.9,26.8,69.3,18.3,4400.8,Healthy
111.9,47.5,16.3,5.4,32.9,23.7,79.4,215.9,4251.0,Healthy
69.8,51.6,43.0,6.92,42.9,16.8,82.5,24.6,4463.7,Healthy
60.2,28.6,53.4,8.0,46.6,28.9,64.1,13.0,4351.4,Healthy
77.5,66.2,58.1,6.84,34.8,34.3,61.7,7.5,3967.4,Healthy
81.1,43.5,40.8,6.72,25.7,24.0,67.9,66.3,4911.7,Healthy
101.9,45.3,50.6,6.51,13.7,29.2,47.8,9.7,3564.5,Stressed
46.2,55.6,5.2,5.24,26.8,19.2,62.1,12.0,3119.3,Poor
110.6,48.5,38.2,7.58,27.6,29.3,76.2,28.5,3224.8,Poor
76.8,59.3,58.2,6.01,36.3,25.0,74.6,26.5,4359.5,Healthy
71.5,49.3,32.3,6.9,30.9,23.2,60.9,74.2,4153.8,Healthy
59.8,35.8,51.1,5.25,43.3,23.2,68.3,135.8,4345.1,Healthy
46.9,50.4,58.0,5.56,27.6,25.0,52.6,114.6,4239.1,Healthy
96.5,27.8,43.8,7.65,34.3,28.9,75.6,24.4,3572.1,Stressed
81.5,46.6,53.1,6.22,49.2,20.4,63.8,22.5,4162.7,Healthy
54.2,44.5,32.7,7.66,39.1,25.0,60.9,270.0,3932.3,Healthy
54.1,41.9,46.3,6.44,34.3,26.8,59.6,0.7,3772.0,Stressed
73.3,43.1,61.0,5.03,27.8,21.5,64.1,169.4,3465.5,Stressed
113.4,16.8,52.8,7.21,27.4,36.0,58.3,17.8,3370.7,Stressed
74.8,36.8,39.4,6.03,24.8,22.7,74.9,235.4,4456.6,Healthy
49.9,46.4,54.0,7.06,28.5,23.7,59.1,33.5,4240.5,Healthy
75.1,47.4,62.9,6.52,44.1,22.1,88.9,46.4,4871.6,Healthy
74.5,29.6,13.1,5.27,32.3,36.0,87.0,98.2,3112.8,Poor
26.1,64.0,70.9,6.63,18.8,29.8,51.6,70.9,4286.4,Healthy
78.9,32.0,43.9,8.26,56.2,22.3,66.0,30.6,4010.7,Healthy
75.4,59.5,57.7,6.89,38.8,32.5,55.2,64.6,3703.1,Stressed
93.9,51.4,71.6,6.45,18.1,28.0,60.1,105.0,3943.8,Healthy
117.0,35.3,25.3,7.36,29.7,28.3,95.0,3.5,4046.2,Healthy
102.5,71.6,37.2,6.67,36.3,25.3,60.4,0.9,4689.8,Healthy
74.6,27.1,44.8,6.67,55.5,23.3,70.4,49.0,3919.1,Healthy
57.9,58.8,35.9,5.63,21.7,28.7,73.1,11.3,3577.1,Stressed
131.5,60.0,81.2,6.69,46.7,24.3,50.0,87.3,4236.3,Healthy
81.2,34.9,34.6,7.33,51.8,36.1,52.2,19.3,3725.1,Stressed
80.3,65.9,40.0,5.83,27.5,20.7,46.9,45.4,4433.1,Healthy
79.5,41.2,53.7,7.64,31.7,34.7,51.7,17.6,3533.1,Stressed
84.0,49.3,28.4,6.43,22.6,26.4,22.2,63.6,4600.4,Healthy
77.1,48.9,42.9,5.79,32.6,28.5,73.2,9.9,3892.7,Healthy
68.5,43.0,55.7,7.3,34.6,31.2,95.8,1.9,3787.2,Stressed
69.1,57.2,44.0,6.27,42.9,23.8,67.2,4.2,4792.5,Healthy
79.3,56.9,48.3,7.11,48.1,31.3,43.8,246.8,4345.5,Healthy
69.1,18.8,40.5,6.27,26.0,13.5,55.4,12.3,4032.0,Healthy
65.7,64.6,22.7,6.45,11.4,23.4,58.1,98.6,3370.4,Stressed
82.1,20.1,55.8,6.89,34.7,22.4,49.7,5.6,4138.2,Healthy
74.9,60.5,81.6,6.73,38.5,20.7,77.9,9.2,4717.2,Healthy
110.1,61.9,50.3,4.9,38.0,25.9,77.2,56.9,4137.8,Healthy
27.0,28.6,54.1,5.6,31.1,28.9,47.7,50.0,3524.6,Stressed
101.8,38.8,62.5,7.24,36.5,30.5,75.9,242.2,4304.4,Healthy
104.9,28.4,27.2,6.39,53.2,28.2,87.9,231.8,3762.9,Stressed
38.5,41.8,80.6,6.08,39.6,23.7,93.5,121.0,5000.0,Healthy
73.1,40.4,53.6,5.41,30.5,28.8,100.0,73.7,4611.4,Healthy
72.6,56.7,79.4,5.64,29.0,27.6,51.5,48.6,4276.4,Healthy
51.8,64.7,36.8,4.88,33.0,31.7,100.0,35.2,4119.7,Healthy
64.4,65.9,82.7,6.42,54.6,30.9,59.7,235.1,3947.5,Healthy
57.8,36.6,64.0,6.02,32.8,27.2,56.1,73.9,4617.0,Healthy
115.0,41.9,60.0,5.73,34.8,22.5,69.9,69.2,4864.3,Healthy
98.7,19.7,54.2,6.45,29.2,23.7,56.3,21.1,4420.4,Healthy
105.4,32.9,45.5,6.79,48.2,24.3,71.0,3.8,4226.0,Healthy
94.4,59.5,71.6,8.17,58.5,25.4,45.2,232.3,2950.4,Poor
57.4,69.2,52.5,5.29,40.4,28.3,61.4,30.1,4093.3,Healthy
69.5,26.5,14.6,7.43,36.0,30.6,84.3,46.8,4244.2,Healthy
89.8,36.1,29.9,7.28,35.4,26.7,64.1,9.7,4561.7,Healthy
55.6,44.6,46.7,5.88,6.4,27.1,67.1,145.1,3696.4,Stressed
94.3,49.2,55.6,6.66,43.9,27.7,72.1,2.2,4364.5,Healthy
75.2,32.9,49.0,6.13,36.6,24.4,82.6,143.7,3813.3,Stressed
72.5,51.4,71.9,6.65,40.1,22.4,40.2,12.1,4440.4,Healthy
94.2,37.9,14.9,7.71,26.5,18.2,73.8,174.1,3498.8,Stressed
88.9,44.8,52.6,6.98,30.4,23.5,61.0,104.7,4331.1,Healthy
72.8,53.2,17.3,6.91,30.1,29.4,67.5,14.4,4294.9,Healthy
103.2,45.1,63.7,6.16,47.3,23.5,80.9,66.7,5000.0,Healthy
58.4,38.5,48.3,5.31,30.5,25.8,47.1,30.0,4025.5,Healthy
92.3,43.4,57.6,6.33,60.0,29.3,49.8,15.7,3981.0,Healthy
91.9,43.7,34.5,7.47,40.2,29.6,36.0,156.8,4183.9,Healthy
73.8,39.4,73.0,5.28,19.7,21.6,56.8,41.3,3686.2,Stressed
86.5,41.1,68.8,5.66,33.5,32.0,85.0,40.7,3806.0,Stressed
55.0,69.0,60.5,6.6,27.2,32.6,63.2,14.9,4068.6,Healthy
98.5,53.4,47.7,5.71,8.7,21.4,44.9,38.6,3695.2,Stressed
76.3,40.6,60.4,5.87,54.2,22.9,57.7,164.2,4195.0,Healthy
69.5,55.5,37.3,6.16,43.4,33.0,42.7,36.1,4410.6,Healthy
101.0,40.0,65.4,5.41,41.4,26.3,48.1,242.3,4369.2,Healthy
65.9,62.6,79.7,5.72,37.0,15.9,70.8,234.0,3286.0,Poor
51.8,50.5,69.3,7.06,18.4,20.0,47.4,12.5,3968.0,Healthy
48.9,43.4,36.9,5.45,29.2,25.8,81.7,15.6,3686.2,Stressed
92.1,51.7,56.5,5.22,45.1,21.2,63.9,158.8,3757.6,Stressed
54.4,21.4,26.7,6.0,22.4,24.9,66.3,39.9,3473.0,Stressed
115.1,28.1,60.3,7.09,5.0,27.2,60.8,0.4,3563.5,Stressed
38.4,27.1,58.1,6.34,32.3,34.3,76.6,25.6,3954.9,Healthy
113.9,47.1,16.3,6.13,33.3,25.5,76.7,72.8,3764.6,Stressed
84.2,71.0,29.1,6.54,36.6,32.4,70.0,128.5,4545.6,Healthy
78.1,78.5,44.9,5.1,43.7,34.1,73.5,11.5,3211.8,Poor
69.1,54.6,44.6,6.9,42.7,34.2,61.8,9.4,4246.7,Healthy
88.0,52.5,28.2,6.81,38.1,28.4,73.1,204.2,4513.8,Healthy
79.2,18.0,57.0,6.17,49.3,17.2,59.9,111.3,4469.8,Healthy
102.1,36.9,54.5,7.3,16.8,29.3,65.0,71.3,4394.2,Healthy
82.3,33.2,46.5,5.6,41.1,32.2,60.9,117.3,3734.5,Stressed
83.0,35.7,36.4,7.4,42.5,26.6,58.1,44.8,4274.9,Healthy
72.7,42.5,68.9,6.62,20.1,35.7,54.7,113.7,3795.7,Stressed
78.9,37.9,79.8,6.23,17.0,31.3,72.0,37.2,3942.5,Healthy
86.2,15.3,41.3,6.48,26.0,29.8,84.7,22.4,4161.9,Healthy
45.8,56.2,39.0,6.41,27.1,32.4,82.6,104.5,3981.4,Healthy
53.0,28.9,58.8,7.48,44.0,28.7,46.2,43.5,3957.6,Healthy
94.9,48.6,43.6,5.64,27.6,14.5,84.3,318.7,3176.2,Poor
83.4,76.1,47.5,5.89,24.7,24.5,60.2,34.4,4407.1,Healthy
76.3,31.2,63.3,7.33,27.7,33.0,74.0,203.8,3956.6,Healthy
80.4,7.0,15.6,6.02,48.4,23.0,51.4,216.2,4290.3,Healthy
87.0,40.7,73.7,7.22,35.2,25.9,67.1,22.2,4243.7,Healthy
69.2,61.5,51.3,7.86,32.8,21.8,69.7,128.0,3775.3,Stressed
64.4,74.4,42.6,6.18,33.7,35.9,42.7,45.4,3616.2,Stressed
83.9,26.6,48.4,7.05,50.5,35.4,74.1,199.6,3969.6,Healthy
60.4,52.5,49.3,5.58,26.0,22.6,85.2,47.8,3600.3,Stressed
88.2,38.0,18.8,7.1,50.8,27.7,62.4,109.1,4825.0,Healthy
45.9,43.4,76.9,6.66,37.5,23.6,85.4,50.3,4055.2,Healthy
100.6,84.7,50.7,6.88,33.1,30.1,62.2,20.7,4254.8,Healthy
89.5,22.5,58.0,5.98,65.0,29.5,77.7,17.8,4264.7,Healthy
85.1,48.8,67.1,5.17,22.3,31.1,31.7,44.3,3905.7,Healthy
99.7,52.0,31.6,6.9,30.8,28.7,100.0,112.7,4371.3,Healthy
113.3,61.3,58.5,4.85,20.2,41.7,87.4,74.3,2772.9,Poor
100.3,46.5,45.2,6.25,46.4,21.9,60.7,93.3,4012.1,Healthy
43.2,49.6,65.2,7.25,55.3,18.4,35.4,26.5,4083.5,Healthy
54.4,39.1,11.7,6.65,55.0,25.0,69.3,52.5,4654.8,Healthy
67.5,49.0,48.2,8.06,49.7,19.2,43.3,3.6,3550.8,Stressed
80.5,39.9,39.1,7.32,32.6,19.5,71.7,136.1,3696.6,Stressed
90.4,54.3,57.8,5.98,30.6,22.0,71.2,367.6,3131.2,Poor
65.5,39.5,58.5,6.52,14.9,22.4,50.9,41.8,3632.2,Stressed
83.7,50.7,37.3,6.46,59.4,22.2,81.8,0.9,4049.7,Healthy
64.9,44.6,37.2,5.23,40.6,29.6,77.1,14.9,4634.4,Healthy
67.8,61.9,48.0,5.75,29.1,24.5,79.6,84.6,4458.6,Healthy
51.9,44.2,33.9,6.05,50.9,26.1,65.1,75.8,4328.8,Healthy
61.5,18.4,65.2,4.87,23.3,31.5,43.8,124.0,3299.2,Stressed
53.0,63.9,43.4,6.54,39.9,23.2,79.7,23.4,4360.1,Healthy
60.5,31.4,0.0,6.3,32.9,25.7,60.9,115.4,4792.3,Healthy
101.1,35.2,43.3,5.16,42.7,28.8,44.2,93.2,4213.4,Healthy
61.0,36.1,31.3,6.82,34.2,17.3,85.3,31.2,3343.9,Stressed
132.6,65.6,20.6,7.07,17.6,15.1,96.5,63.1,3184.9,Poor
89.9,13.0,27.7,6.68,35.9,28.7,64.4,12.7,3965.7,Healthy
83.7,92.1,52.0,6.24,47.6,29.5,97.4,48.2,4030.1,Healthy
62.8,60.8,73.9,6.97,34.6,37.3,66.4,170.4,4177.9,Healthy
94.0,48.3,55.6,7.04,44.3,27.8,59.3,43.7,4430.1,Healthy
68.5,44.2,39.1,6.75,22.5,31.1,55.5,146.4,3945.7,Healthy
82.4,49.3,58.2,5.84,34.7,26.0,89.6,71.4,4975.8,Healthy
131.2,52.8,41.7,6.72,27.5,28.5,53.3,17.0,3871.4,Stressed
78.1,54.7,37.5,7.46,44.0,35.3,76.0,69.6,4679.7,Healthy
103.0,53.3,29.2,6.02,35.4,16.4,56.6,56.4,3930.8,Healthy
65.9,46.3,18.5,8.18,43.3,29.1,58.1,40.7,3865.0,Stressed
79.3,42.0,43.0,6.08,48.1,37.7,80.5,10.2,3826.6,Stressed
115.4,42.7,52.8,6.53,43.3,28.4,59.3,43.1,4606.1,Healthy
67.5,42.1,48.3,5.96,38.3,35.3,58.9,6.0,4283.7,Healthy
116.2,62.0,42.5,6.68,23.0,23.9,82.0,8.3,4239.8,Healthy
94.2,53.9,33.0,5.11,35.0,26.8,89.0,43.0,3806.6,Stressed
68.8,0.9,60.9,6.06,28.6,27.2,74.7,29.2,3650.2,Stressed
92.6,54.8,26.3,5.63,30.9,15.9,55.2,207.8,4705.3,Healthy
99.5,47.9,64.0,6.61,30.5,21.2,57.3,37.7,4244.1,Healthy
92.4,44.7,32.0,7.3,23.2,21.5,66.2,113.5,4220.0,Healthy
48.6,39.2,36.5,7.02,11.5,31.1,69.8,60.4,2907.2,Poor
65.5,61.9,23.6,4.6,27.0,31.4,50.2,97.4,3368.1,Stressed
75.0,59.2,41.0,8.13,37.3,28.6,75.8,24.1,3897.0,Healthy
78.5,33.4,67.6,6.74,18.8,31.1,66.3,227.7,3954.0,Healthy
92.4,51.1,59.3,5.88,35.2,26.2,39.3,60.4,3546.9,Stressed
83.6,30.4,67.6,6.63,57.8,33.0,51.1,142.4,4044.0,Healthy
53.3,24.3,59.4,6.64,47.3,27.0,57.4,36.3,3938.2,Healthy
87.6,35.6,30.1,5.97,54.7,27.3,63.9,8.4,4112.1,Healthy
92.2,57.9,44.0,6.66,39.7,25.7,93.3,89.6,4420.8,Healthy
91.2,59.3,36.0,6.01,49.0,30.4,68.6,0.6,3796.0,Stressed
101.6,52.7,74.0,6.18,26.3,24.9,52.4,51.6,4224.6,Healthy
96.7,55.9,28.5,5.95,27.3,31.9,68.3,17.1,3544.1,Stressed
89.2,52.7,66.1,5.35,5.0,21.3,59.7,79.0,3239.1,Poor
78.6,35.4,66.1,6.62,49.2,21.5,69.9,310.7,3711.9,Stressed
46.8,51.5,82.9,6.97,53.5,30.4,73.7,49.9,3311.4,Stressed
88.6,57.0,42.6,6.91,28.4,26.6,83.1,136.1,4683.3,Healthy
84.2,56.3,62.8,7.16,32.0,24.7,64.6,56.7,3940.4,Healthy
85.4,62.8,91.1,6.76,26.0,31.5,89.6,54.8,3973.7,Healthy
54.5,55.6,38.9,6.07,39.6,24.0,78.6,213.2,4690.2,Healthy
58.4,50.3,22.4,7.17,48.5,26.0,54.4,176.6,3912.0,Healthy
101.1,61.1,16.2,5.41,14.1,34.0,98.1,123.3,2997.3,Poor
79.2,44.6,62.8,5.78,39.9,34.7,69.9,28.1,4317.3,Healthy
93.6,31.8,16.1,5.73,31.7,34.9,52.5,63.0,4244.9,Healthy
80.6,42.6,43.3,7.36,36.4,25.6,89.8,20.3,3901.7,Healthy
80.6,33.8,57.9,7.25,40.5,33.2,96.2,46.9,4196.4,Healthy
98.8,34.9,53.3,6.89,32.7,22.3,64.5,53.0,3749.3,Stressed
69.7,42.8,57.7,7.36,33.8,22.5,57.4,142.5,4122.8,Healthy
81.9,33.1,54.0,5.8,32.4,15.2,62.4,181.1,3972.8,Healthy
70.8,40.4,73.0,6.78,46.6,35.4,75.7,42.8,3819.7,Stressed
71.3,16.6,32.9,6.4,40.0,22.7,84.2,1.4,4264.4,Healthy
73.8,48.2,37.8,7.18,37.6,26.4,73.6,158.3,3909.5,Healthy
84.4,45.0,36.1,6.41,19.7,22.4,66.5,15.3,4083.1,Healthy
70.4,32.7,64.9,6.19,30.5,30.5,87.5,77.8,4627.8,Healthy
105.1,54.9,66.2,6.93,45.8,25.1,60.3,2.0,4044.9,Healthy
62.1,59.1,58.1,7.2,35.5,20.5,80.5,40.8,4022.6,Healthy
76.3,20.9,71.3,5.97,42.9,29.2,60.7,341.3,4187.9,Healthy
71.2,33.6,28.8,6.45,56.2,19.8,71.5,8.5,4404.1,Healthy
108.9,33.5,80.0,5.65,47.5,22.8,63.3,44.1,3583.8,Stressed
83.9,30.9,77.4,4.5,36.1,16.5,64.2,29.4,3547.1,Stressed
100.6,57.4,63.2,6.66,28.9,19.9,59.3,188.4,4348.2,Healthy
50.3,42.1,82.1,6.99,5.0,27.9,85.2,162.8,3374.2,Stressed
85.3,41.0,20.2,6.71,33.0,17.2,54.0,21.7,3250.3,Poor
97.8,14.9,40.6,4.94,31.1,19.6,53.9,6.8,3791.9,Stressed
81.6,54.5,36.8,6.22,39.7,27.0,96.8,78.9,5000.0,Healthy
101.3,26.4,63.0,4.73,33.2,24.3,79.7,32.8,3934.2,Healthy
69.7,45.9,31.1,7.6,31.2,37.0,29.2,89.2,3377.8,Stressed
108.2,49.2,63.6,5.63,13.6,36.2,56.5,2.6,3166.3,Poor
126.0,65.4,74.7,7.5,23.7,22.7,37.8,11.5,4373.7,Healthy
72.7,25.4,62.5,7.26,40.7,29.8,50.7,92.8,4690.5,Healthy
71.1,0.0,55.1,5.78,55.6,30.7,20.0,19.1,3917.2,Healthy
109.1,47.8,32.2,5.59,33.8,24.0,62.9,155.9,4339.8,Healthy
111.6,72.0,34.8,6.78,38.9,19.5,47.9,4.8,4045.0,Healthy
69.5,63.6,72.5,5.82,46.4,26.9,65.9,19.4,4148.1,Healthy
71.6,48.1,64.0,6.58,25.3,26.1,40.6,400.0,3961.1,Healthy
74.4,37.6,49.3,6.11,39.4,24.8,66.2,45.4,4811.3,Healthy
53.1,57.1,42.5,5.08,26.1,29.2,58.8,97.1,4284.9,Healthy
61.6,30.4,13.5,4.72,45.4,23.2,87.5,16.1,4076.4,Healthy
59.9,52.1,30.7,6.68,36.8,21.2,86.2,75.3,3960.6,Healthy
64.6,52.6,84.4,6.05,38.6,27.5,76.8,103.6,4608.5,Healthy
79.3,60.9,27.0,6.06,25.6,28.9,60.1,30.2,4258.8,Healthy
84.7,86.4,53.4,7.06,43.5,21.1,94.8,141.2,4527.0,Healthy
111.0,50.9,68.1,7.44,60.0,31.6,41.7,74.0,3511.9,Stressed
60.0,37.4,27.4,6.28,22.9,18.1,43.9,39.4,4898.7,Healthy
99.7,44.6,53.3,6.23,30.9,24.1,63.7,65.3,4026.4,Healthy
75.7,18.5,66.9,6.9,37.8,25.7,98.8,68.8,4122.2,Healthy
79.0,34.6,50.2,5.41,44.4,23.8,62.0,14.5,4261.3,Healthy
93.5,38.9,101.6,6.68,28.3,24.2,62.3,41.2,5000.0,Healthy
57.5,37.1,20.0,6.94,5.0,36.4,43.4,33.7,2767.5,Poor
87.6,47.3,69.1,7.04,51.3,22.7,79.2,41.0,4172.5,Healthy
83.3,32.7,46.9,4.95,44.1,39.2,79.3,114.5,4065.5,Healthy
89.8,61.8,63.9,5.89,14.1,29.2,76.8,52.7,3765.0,Stressed
85.8,45.0,57.9,5.8,27.7,27.5,55.6,225.5,3966.8,Healthy
129.1,44.9,36.8,6.58,53.8,29.4,54.4,27.8,4302.6,Healthy
67.2,40.1,54.1,6.88,52.4,39.6,45.6,43.0,3896.8,Healthy
69.4,47.3,16.6,7.7,46.3,22.0,66.3,123.7,4391.2,Healthy
67.5,57.4,60.9,6.1,32.9,21.4,48.8,63.2,4841.7,Healthy
68.9,32.0,55.4,6.1,36.0,23.2,47.3,63.4,4578.0,Healthy
67.3,35.1,61.5,7.42,33.4,27.2,58.6,4.4,4232.0,Healthy
103.8,40.4,69.0,6.74,48.5,18.4,57.7,40.7,4320.5,Healthy
108.4,24.8,56.6,7.51,24.5,27.1,56.9,25.3,4010.1,Healthy
68.6,32.7,52.7,6.73,25.3,35.5,72.0,400.0,3551.3,Stressed
63.4,37.9,34.1,5.57,47.1,27.8,66.2,29.5,4035.8,Healthy
89.4,58.1,37.2,5.43,34.5,25.5,60.7,172.7,4640.3,Healthy
69.0,48.9,71.4,5.26,51.5,23.9,67.7,90.2,4612.4,Healthy
92.7,47.9,75.9,7.03,26.9,31.5,50.1,33.4,3503.4,Stressed
84.1,57.8,45.7,7.45,34.3,22.9,66.6,62.7,4268.1,Healthy
49.7,42.9,50.8,7.98,23.9,36.2,67.3,146.9,3131.0,Poor
111.0,50.9,33.7,7.17,35.1,36.7,42.5,171.9,3840.2,Stressed
115.9,43.5,71.1,7.43,17.3,28.3,79.9,14.0,3781.6,Stressed
67.7,49.0,62.0,6.04,29.1,26.9,51.8,33.2,4524.2,Healthy
72.2,36.3,84.9,5.57,17.8,32.2,66.4,32.7,3450.2,Stressed
85.7,8.4,34.2,7.18,43.3,32.5,82.5,3.4,3279.0,Poor
86.7,43.0,43.2,6.83,43.6,23.0,78.9,73.0,4217.5,Healthy
93.2,66.3,54.2,6.59,14.2,24.4,65.5,154.4,4359.4,Healthy
120.2,58.9,61.6,6.81,51.0,20.4,59.6,38.4,3207.6,Poor
76.5,59.5,46.1,6.76,65.0,29.0,79.2,107.8,4348.6,Healthy
64.0,63.5,34.3,7.53,35.6,30.3,75.1,79.0,4246.1,Healthy
52.4,46.3,65.9,7.54,27.3,20.3,55.7,37.7,4338.8,Healthy
65.4,48.0,63.0,6.94,68.9,24.7,53.1,12.2,3723.9,Stressed
79.3,35.7,33.5,7.18,19.2,20.3,33.9,98.8,3071.4,Poor
115.9,40.3,74.4,6.91,35.2,22.5,67.3,154.2,4532.0,Healthy
69.6,54.2,71.1,6.13,37.2,29.8,63.8,92.6,4952.9,Healthy
84.5,63.1,52.4,7.11,51.1,23.3,82.0,1.4,4493.8,Healthy
79.7,42.9,51.4,5.38,39.3,25.5,70.4,19.5,4108.1,Healthy
103.8,38.2,60.0,7.34,29.0,18.9,85.0,5.8,3976.0,Healthy
130.5,45.0,34.5,5.54,23.6,27.9,54.5,67.6,3615.1,Stressed
69.4,54.0,50.5,6.73,30.9,26.8,82.1,113.0,4171.8,Healthy
70.2,23.3,11.3,5.82,22.9,23.4,57.1,9.4,4066.5,Healthy
100.9,10.6,65.8,6.94,35.6,26.1,76.7,145.8,3949.0,Healthy
93.6,36.7,21.9,6.47,28.2,27.9,43.1,64.9,3973.3,Healthy
116.9,26.7,77.1,5.22,17.1,22.9,68.5,93.7,3169.2,Poor
91.7,37.4,44.1,6.84,50.1,19.6,35.2,284.4,3479.6,Stressed
72.8,42.8,46.2,6.04,29.0,36.0,61.0,7.0,3930.2,Healthy
91.8,38.2,38.7,7.2,19.8,23.8,71.6,185.2,4290.2,Healthy
102.2,66.8,44.8,6.5,33.0,26.5,57.2,10.8,4381.6,Healthy
96.4,49.9,75.5,6.82,35.8,32.1,49.2,39.9,3820.4,Stressed
90.1,49.5,5.2,5.73,14.0,44.6,77.7,152.5,3346.6,Stressed
101.3,54.3,73.0,6.03,39.0,20.8,63.4,189.4,5000.0,Healthy
103.4,27.9,56.1,6.13,22.4,29.2,57.7,56.5,3778.3,Stressed
107.6,60.6,28.3,7.19,55.5,23.5,65.6,72.1,3830.9,Stressed
93.0,43.9,30.6,7.84,41.3,24.3,100.0,98.5,4494.1,Healthy
76.7,55.1,80.2,5.86,30.2,23.4,82.3,143.1,4819.3,Healthy
82.9,28.9,33.0,7.36,26.1,21.4,82.4,10.4,3636.3,Stressed
104.1,21.7,29.2,4.76,33.7,26.8,71.5,132.9,3324.4,Stressed
63.7,57.3,70.5,5.54,42.4,19.6,67.5,52.5,4413.6,Healthy
87.4,50.6,56.1,5.73,34.7,31.7,29.1,47.9,4531.5,Healthy
72.1,31.5,33.1,5.42,32.4,27.3,54.8,44.1,4000.4,Healthy
80.6,32.0,53.9,5.23,35.7,29.1,57.8,56.9,3886.3,Healthy
105.6,61.9,31.5,6.83,27.8,24.7,36.9,232.1,4478.4,Healthy
83.8,27.2,69.8,6.33,30.9,25.2,47.6,63.6,4653.7,Healthy
80.9,69.6,69.1,6.8,10.0,28.4,35.3,244.9,3286.4,Poor
52.8,31.5,59.6,7.05,46.7,21.2,64.4,15.9,4179.3,Healthy
94.9,54.6,56.5,6.71,38.6,25.2,77.3,103.0,4337.0,Healthy
92.9,40.1,81.7,7.03,25.7,22.7,81.6,133.8,4392.8,Healthy
123.3,54.0,50.0,6.44,57.8,22.5,71.2,90.9,4133.5,Healthy
73.8,36.8,28.7,5.55,36.0,16.5,50.5,74.7,3838.6,Stressed
84.4,42.6,58.1,7.35,22.6,33.7,36.0,66.6,3792.0,Stressed
85.0,45.6,87.5,6.03,45.3,23.6,38.6,157.8,4423.2,Healthy
111.5,30.0,31.7,5.75,39.8,32.8,46.0,137.9,4464.9,Healthy
78.1,56.1,43.5,6.36,39.7,32.3,51.7,10.4,4646.8,Healthy
85.6,37.3,57.5,5.77,29.9,20.6,62.6,151.0,4090.7,Healthy
92.2,41.6,49.0,6.17,40.4,21.6,49.8,42.8,4855.7,Healthy
83.7,30.1,32.3,6.78,31.9,39.8,70.1,23.4,3989.5,Healthy
71.1,6.6,70.2,6.78,41.7,35.8,61.5,163.1,3951.0,Healthy
83.9,42.1,91.8,5.78,12.1,26.8,65.2,45.3,3595.8,Stressed
101.5,81.2,53.5,6.11,29.8,28.3,82.1,132.2,4160.9,Healthy
59.5,56.8,33.7,7.36,55.7,23.8,47.3,24.5,4059.0,Healthy
82.7,44.7,22.1,6.9,25.8,29.2,71.3,0.3,3847.5,Stressed
66.0,41.1,54.6,8.16,27.8,23.4,64.8,54.7,3663.6,Stressed
103.9,45.3,69.9,7.44,29.6,16.8,60.0,8.4,4564.6,Healthy
49.5,53.2,58.6,7.42,20.4,20.4,78.3,112.3,4142.9,Healthy
68.8,27.3,50.0,5.39,8.5,27.1,78.2,25.8,3054.9,Poor
87.5,61.7,39.4,7.11,32.2,21.3,50.8,46.9,4426.7,Healthy
111.3,55.7,30.3,6.46,36.6,26.7,62.3,7.3,4536.4,Healthy
78.7,55.8,65.0,6.06,34.4,21.6,69.2,27.0,4521.8,Healthy
68.9,51.6,66.4,6.63,33.3,23.1,60.9,121.7,4619.9,Healthy
117.6,45.3,22.2,7.26,35.5,31.3,73.8,13.2,4442.3,Healthy
51.0,55.1,78.6,6.9,47.3,28.2,69.2,83.3,4431.7,Healthy
36.0,53.9,60.3,5.8,32.7,27.0,92.5,199.5,4124.0,Healthy
88.8,39.7,75.2,7.09,28.1,31.4,42.0,91.1,4490.9,Healthy
70.0,36.4,25.8,5.99,31.6,29.4,63.2,133.3,4216.9,Healthy
59.6,46.5,25.4,6.67,42.0,34.2,51.4,9.2,4242.1,Healthy
94.2,68.2,47.3,6.26,51.9,24.7,74.1,23.1,4422.2,Healthy
84.9,26.4,59.1,6.32,27.5,24.9,40.7,180.0,4300.6,Healthy
68.7,23.0,82.3,7.11,36.2,20.5,70.2,100.5,4253.5,Healthy
54.4,47.5,62.7,5.67,39.1,24.9,55.5,81.6,4302.0,Healthy
97.4,45.8,45.6,8.06,23.1,31.8,54.0,87.2,3348.9,Stressed
93.0,47.6,31.5,5.04,35.2,33.5,43.3,42.8,3483.0,Stressed
78.0,48.7,72.1,6.02,17.4,31.8,58.0,3.6,3229.9,Poor
116.9,41.7,32.6,6.8,13.8,18.0,81.3,122.8,3348.6,Stressed
58.6,67.3,79.3,6.97,39.4,32.4,64.6,90.8,4243.4,Healthy
49.5,21.0,44.9,6.42,30.4,17.8,74.4,51.2,4113.3,Healthy
66.2,32.6,78.6,6.45,37.4,31.5,90.0,184.0,4248.6,Healthy
79.1,43.5,62.2,6.83,34.8,25.2,69.0,32.8,3710.2,Stressed
84.9,20.4,47.5,6.32,23.3,30.5,56.6,27.9,4540.4,Healthy
75.2,42.4,40.7,7.61,34.5,20.3,72.0,165.0,4427.8,Healthy
87.0,69.9,43.9,7.17,20.2,32.9,56.8,127.6,3896.4,Healthy
55.0,45.3,57.7,7.2,51.7,19.7,57.4,57.9,4728.8,Healthy
108.9,48.5,51.4,5.73,18.7,23.7,42.2,11.2,3497.3,Stressed
78.4,26.1,39.3,6.44,32.7,22.0,78.9,19.4,5000.0,Healthy
102.3,35.8,47.0,6.26,22.5,18.2,59.2,85.4,3673.4,Stressed
86.9,39.4,51.4,5.7,41.8,27.5,67.7,38.9,4479.9,Healthy
89.1,40.2,11.7,6.79,31.0,36.0,49.5,144.9,3517.9,Stressed
91.4,64.2,58.2,6.07,28.8,40.3,71.5,239.6,3733.1,Stressed
89.0,53.4,32.4,7.02,45.2,27.5,53.6,131.0,4550.6,Healthy
92.9,28.3,29.2,5.64,35.4,32.6,62.9,37.9,3934.9,Healthy
106.6,48.7,19.6,7.88,41.2,28.2,78.2,124.4,4378.0,Healthy
83.9,52.5,17.7,5.78,23.2,29.5,76.9,34.6,3868.0,Stressed
94.2,62.1,25.6,6.68,18.1,25.3,64.7,14.6,3800.2,Stressed
78.2,68.7,37.2,7.13,36.3,28.0,38.5,2.7,4012.2,Healthy
108.8,29.8,85.2,6.04,31.2,29.7,100.0,39.0,4387.9,Healthy
66.5,32.8,40.5,7.18,42.5,24.1,91.2,187.1,4066.8,Healthy
116.0,26.1,53.2,5.52,34.0,26.6,75.8,21.8,4425.4,Healthy
79.2,41.5,57.2,7.66,37.5,26.7,53.7,18.5,4689.5,Healthy
51.4,52.0,52.4,6.51,15.5,31.1,63.3,280.0,3076.2,Poor
82.6,59.8,48.6,6.02,57.7,21.7,56.8,2.0,4370.8,Healthy
66.4,43.9,28.5,6.26,33.0,26.7,84.0,123.3,5000.0,Healthy
96.8,40.2,76.1,7.15,43.4,36.6,68.9,31.0,4144.3,Healthy
66.9,47.3,82.5,6.03,25.0,32.8,53.2,3.1,4049.3,Healthy
71.1,32.5,19.7,5.9,38.7,33.7,57.9,199.9,4389.1,Healthy
42.2,76.3,31.6,6.32,19.4,27.1,81.8,12.0,3684.6,Stressed
71.0,20.9,45.0,5.56,40.4,28.6,89.0,64.2,4294.8,Healthy
31.5,47.8,32.6,7.96,30.7,32.0,87.9,25.6,3105.5,Poor
48.3,75.4,59.1,6.05,35.4,34.8,76.4,5.4,4040.8,Healthy
95.2,45.1,36.9,7.17,43.4,17.2,61.2,4.1,4314.9,Healthy
95.7,42.1,89.0,6.67,20.2,20.4,20.0,9.8,4118.0,Healthy
88.5,39.6,71.4,5.71,26.8,33.5,69.5,5.9,4204.8,Healthy
60.7,42.3,53.8,6.5,40.5,25.6,65.0,114.4,4517.5,Healthy
79.0,65.6,68.5,7.13,60.2,23.6,67.1,53.2,3764.0,Stressed
79.9,11.8,69.9,6.35,33.3,20.7,65.8,33.6,4958.0,Healthy
56.8,68.0,39.8,7.45,42.1,24.2,45.1,43.4,4176.2,Healthy
110.1,23.6,35.3,7.32,33.7,20.0,73.4,211.5,3993.2,Healthy
97.5,41.0,51.4,7.24,58.3,37.5,74.5,193.3,3540.6,Stressed
75.6,38.6,65.5,6.13,14.0,26.9,75.2,100.6,3661.5,Stressed
80.5,53.8,52.5,5.64,36.1,26.7,79.2,172.8,4924.1,Healthy
84.2,21.0,21.6,6.01,15.5,29.9,74.1,30.8,3381.7,Stressed
39.2,51.9,35.5,6.66,5.0,31.8,58.8,38.4,2978.1,Poor
75.1,75.4,48.7,6.94,38.6,31.7,63.9,76.1,4175.9,Healthy
66.4,24.6,48.6,4.76,36.7,32.4,66.4,78.2,3051.0,Poor
60.0,47.8,85.5,6.49,31.6,23.8,66.6,52.6,4220.9,Healthy
74.4,35.1,25.1,6.63,33.7,25.5,80.0,41.0,4078.6,Healthy
116.0,51.4,59.1,6.28,72.2,30.8,74.7,342.5,3588.7,Stressed
92.8,45.3,76.8,7.53,31.9,24.4,96.2,137.7,3987.2,Healthy
68.6,35.4,90.9,6.84,41.1,27.0,98.1,45.7,4772.6,Healthy
91.5,52.3,42.7,7.55,27.2,29.0,66.2,103.9,4546.0,Healthy
108.0,72.1,58.8,6.33,38.5,30.9,20.0,25.1,4708.2,Healthy
98.5,42.1,60.3,7.25,32.1,18.1,83.6,8.4,3999.8,Healthy
81.2,55.8,53.5,7.81,30.1,30.6,56.9,34.8,3937.9,Healthy
67.1,25.6,48.2,7.55,56.8,25.8,53.0,41.3,3261.0,Poor
94.0,30.7,57.8,5.63,49.1,30.5,59.0,1.3,3938.7,Healthy
87.9,52.1,4.4,6.3,36.6,30.9,58.3,134.9,4047.5,Healthy
97.9,67.3,62.3,6.22,7.3,35.0,74.2,35.6,3686.9,Stressed
92.7,50.3,52.3,6.89,30.7,33.8,41.6,69.5,5000.0,Healthy
101.0,40.3,46.0,7.05,67.4,33.7,48.8,6.1,3646.0,Stressed
69.3,45.0,86.8,5.83,32.2,34.2,70.1,15.4,3199.8,Poor
106.3,26.2,37.9,6.55,48.2,28.5,74.3,176.4,4148.5,Healthy
84.0,54.1,42.7,4.88,52.3,27.2,74.6,75.1,3904.8,Healthy
121.5,58.2,85.8,7.65,37.6,31.4,53.2,240.1,3896.0,Healthy
66.2,38.2,35.0,6.09,24.9,30.7,50.3,400.0,3305.5,Stressed
114.7,37.9,40.1,6.54,5.8,25.5,57.4,37.2,3797.1,Stressed
84.0,49.0,47.4,6.25,43.2,29.0,68.6,28.4,4059.9,Healthy
67.0,38.4,65.1,7.42,25.2,26.8,87.3,156.4,3627.7,Stressed
70.3,44.0,53.7,4.23,37.1,22.7,34.3,400.0,3698.0,Stressed
73.6,76.5,26.7,6.49,20.0,33.5,61.7,79.5,3457.9,Stressed
88.5,41.3,40.4,6.42,31.8,27.3,45.0,126.8,4698.9,Healthy
90.5,39.6,39.1,6.14,35.4,37.2,40.2,121.8,3674.7,Stressed
68.5,35.3,48.6,7.88,38.2,18.9,79.5,35.1,4610.7,Healthy
79.5,56.2,57.7,5.79,21.6,24.2,73.2,68.3,3806.9,Stressed
122.8,42.3,57.5,7.12,49.4,27.2,71.7,143.2,4153.5,Healthy
114.6,35.3,18.0,6.79,27.8,32.7,78.8,93.2,4107.4,Healthy
88.7,64.8,69.2,7.51,14.9,29.0,57.8,1.7,3340.2,Stressed
80.8,66.3,54.5,5.97,33.7,28.6,58.5,32.8,4339.9,Healthy
82.4,36.0,74.9,5.91,35.4,21.4,97.8,12.5,4471.2,Healthy
92.3,17.0,58.0,7.38,36.9,21.2,61.3,21.2,4535.0,Healthy
59.5,60.1,69.8,6.84,51.3,28.6,76.0,188.7,4414.6,Healthy
74.9,34.7,58.4,5.26,32.2,20.2,65.1,3.0,3844.4,Stressed
46.6,56.9,74.2,6.07,33.6,24.3,37.3,19.9,4254.1,Healthy
88.0,15.4,59.4,6.81,21.8,29.5,34.3,29.6,4800.1,Healthy
92.9,58.4,48.2,7.17,44.8,22.1,56.3,76.8,4740.5,Healthy
70.3,26.8,90.9,5.96,37.2,35.0,80.8,61.1,3718.2,Stressed
111.5,56.0,66.0,4.17,30.0,33.1,76.8,19.7,3406.0,Stressed
55.5,45.2,60.3,6.92,12.1,19.1,78.7,14.4,3492.7,Stressed
50.7,30.7,27.0,5.52,52.3,22.3,50.2,21.6,3717.1,Stressed
84.5,38.9,26.8,4.89,20.3,15.6,89.2,55.9,2846.0,Poor
100.9,55.3,55.3,4.23,27.9,23.1,50.5,25.3,3444.8,Stressed
113.7,46.6,52.6,7.15,39.3,30.8,68.2,235.9,4883.3,Healthy
70.8,53.8,38.9,6.6,20.6,24.9,64.8,49.9,4396.0,Healthy
101.6,74.6,52.5,6.32,17.1,29.3,62.4,4.8,2931.9,Poor
79.2,21.5,78.6,7.61,9.5,19.4,85.1,104.5,3754.2,Stressed
76.5,69.3,62.5,7.01,43.7,31.0,54.4,31.9,4665.2,Healthy
97.7,46.6,29.5,7.79,28.5,24.2,44.8,84.8,3878.6,Healthy
93.0,31.5,48.0,5.39,70.1,27.1,65.3,26.2,3692.2,Stressed
48.5,25.0,35.5,6.47,23.1,26.5,59.0,67.7,3775.4,Stressed
109.5,42.2,43.0,5.21,23.9,20.6,100.0,118.3,3581.4,Stressed
107.6,58.8,42.6,6.32,28.2,21.2,75.1,210.5,4691.2,Healthy
67.5,43.1,41.4,6.3,37.9,31.8,58.9,24.2,4259.1,Healthy
87.9,67.7,27.4,7.0,29.4,29.0,49.2,32.6,3403.2,Stressed
89.9,23.2,47.7,6.54,42.3,32.3,36.8,49.9,4411.3,Healthy
85.2,44.8,39.9,7.0,23.3,28.6,49.6,209.6,3921.6,Healthy
69.0,26.2,0.0,7.06,18.4,27.7,66.7,185.3,4007.2,Healthy
66.6,50.5,87.0,8.22,13.4,18.4,86.4,7.5,3101.1,Poor
79.5,58.3,69.6,6.25,8.3,25.6,81.8,11.3,3606.6,Stressed
103.5,38.7,43.2,5.75,28.8,26.9,68.4,54.7,4504.8,Healthy
90.9,5.9,50.3,6.7,31.4,36.8,60.2,9.0,3959.7,Healthy
72.6,48.0,28.9,5.86,27.4,30.4,69.0,33.9,3684.8,Stressed
95.4,51.6,80.5,7.69,49.9,34.7,57.2,12.8,4152.3,Healthy
23.0,51.1,84.2,6.27,49.7,30.0,90.8,80.9,4221.0,Healthy
103.0,63.5,52.8,6.05,31.0,23.4,62.2,238.9,4197.0,Healthy
45.2,28.9,68.4,6.12,13.5,27.6,63.7,400.0,3384.2,Stressed
72.8,55.2,53.2,7.07,28.2,28.2,31.8,37.6,3774.0,Stressed
57.6,62.9,25.9,6.37,27.8,22.3,62.1,73.1,4007.3,Healthy
54.1,18.3,42.6,5.99,27.1,25.1,77.5,155.2,4053.1,Healthy
103.2,49.8,52.4,7.83,26.6,26.0,49.0,10.0,3837.2,Stressed
70.6,37.4,41.8,5.82,27.2,35.0,53.7,93.6,4319.5,Healthy
86.9,43.8,46.1,6.53,30.4,16.6,76.9,42.1,4336.9,Healthy
79.1,50.2,48.4,7.02,27.4,33.0,42.9,18.5,4294.0,Healthy
89.5,37.7,48.5,5.19,37.5,22.3,80.9,41.2,4184.8,Healthy
81.5,34.9,50.9,6.88,39.3,20.1,57.0,6.3,4790.9,Healthy
54.3,45.5,30.9,5.66,24.1,32.9,59.2,95.1,3881.0,Healthy
99.9,28.7,37.1,7.16,50.3,30.7,48.1,23.3,3961.9,Healthy
70.1,28.7,26.9,5.73,23.2,33.3,70.7,29.8,3582.5,Stressed
48.9,55.2,67.6,7.05,15.6,31.0,100.0,10.3,3257.9,Poor
71.4,27.8,12.1,7.38,39.6,37.3,76.7,160.0,4011.4,Healthy
110.0,55.0,70.8,7.19,25.2,29.8,52.0,54.4,3967.9,Healthy
97.0,51.9,75.0,6.7,38.9,26.2,82.0,67.9,4539.7,Healthy
73.0,19.1,44.6,6.31,6.2,28.7,60.2,67.4,3957.8,Healthy
73.0,34.8,3.1,6.04,51.7,33.2,85.6,42.3,3358.3,Stressed
73.6,62.9,43.5,7.68,43.1,23.1,77.1,17.1,3980.3,Healthy
121.5,30.3,48.8,5.94,17.0,23.7,20.9,109.4,4239.8,Healthy
87.6,38.0,31.8,5.67,17.3,25.5,49.9,10.9,3859.5,Stressed
88.6,51.9,40.7,7.03,55.1,16.5,79.2,8.8,3857.7,Stressed
100.6,56.8,77.5,5.86,26.2,27.7,67.3,99.1,4251.4,Healthy
84.8,41.2,62.0,5.74,25.0,17.6,49.6,18.7,3933.6,Healthy
74.8,36.0,33.4,5.35,7.8,27.3,55.5,29.3,2742.1,Poor
76.1,66.3,21.2,6.11,30.8,31.3,36.4,51.6,3929.4,Healthy
78.6,71.1,44.1,6.43,32.3,24.6,63.7,47.7,5000.0,Healthy
79.3,59.7,46.2,6.69,43.6,35.4,98.2,98.6,4111.5,Healthy
94.6,46.3,58.9,7.26,18.2,19.7,77.1,78.1,3752.5,Stressed
81.0,32.9,40.4,6.92,16.8,33.0,97.9,82.7,3527.5,Stressed
94.7,32.5,59.2,6.35,40.4,30.4,78.2,100.2,4625.0,Healthy
78.4,52.8,84.8,6.34,47.1,18.4,80.4,27.7,4062.6,Healthy
81.6,51.3,64.7,6.91,16.1,40.6,94.6,31.1,3680.6,Stressed
40.0,66.0,49.1,7.52,48.0,26.7,70.7,46.1,4079.8,Healthy
98.3,54.8,46.7,6.6,35.5,22.6,62.2,29.4,4831.4,Healthy
86.9,22.5,43.6,6.12,48.1,20.0,80.5,335.6,3540.5,Stressed
100.0,60.8,71.3,5.71,34.2,25.9,86.8,134.6,4224.4,Healthy
22.1,30.0,38.7,5.34,5.0,26.4,57.8,14.4,2970.2,Poor
121.8,39.2,50.8,7.03,33.2,27.5,54.2,0.4,4367.9,Healthy
77.2,48.8,50.9,6.96,47.7,25.5,67.1,3.5,4090.8,Healthy
102.2,74.9,41.0,6.96,24.3,30.2,77.5,22.4,4210.2,Healthy
59.2,91.6,25.3,6.4,30.3,25.1,77.0,9.7,4571.0,Healthy
92.3,54.1,55.8,7.63,32.9,17.3,43.6,61.0,3680.3,Stressed
58.9,42.3,48.9,6.11,5.0,26.3,93.7,156.2,3403.3,Stressed
67.5,53.0,59.0,7.26,55.1,15.2,55.4,106.8,3683.0,Stressed
118.3,58.3,40.4,6.47,24.2,28.8,61.0,19.4,5000.0,Healthy
76.2,40.2,72.0,6.01,41.1,22.1,51.5,40.8,4322.9,Healthy
84.3,71.9,34.2,6.97,34.0,27.8,100.0,56.7,4891.1,Healthy
97.4,48.5,80.8,6.83,50.1,33.6,68.6,132.9,3696.3,Stressed
89.9,52.5,18.5,6.79,39.9,22.3,52.2,146.2,4208.7,Healthy
83.0,55.0,57.8,6.57,32.2,32.3,78.0,192.4,4072.8,Healthy
87.3,51.3,58.6,6.47,24.3,24.8,76.5,56.9,4152.8,Healthy
128.1,57.6,35.7,8.41,44.6,35.8,62.2,94.8,3476.4,Stressed
78.8,35.7,57.6,7.45,12.5,25.2,77.6,9.5,3382.7,Stressed
84.0,36.6,73.0,7.08,42.8,22.8,52.6,66.6,4168.1,Healthy
101.0,28.5,10.1,6.59,21.8,30.4,57.6,22.9,4257.2,Healthy
102.1,51.6,59.0,7.31,50.0,24.8,34.8,45.2,4733.2,Healthy
103.7,56.7,5.1,6.91,36.9,22.8,45.1,80.4,4725.4,Healthy
92.8,51.9,32.6,6.52,42.7,24.6,92.1,23.8,4857.4,Healthy
57.1,70.1,79.3,6.26,36.0,26.8,89.6,4.3,4367.9,Healthy
112.7,44.9,39.5,6.44,14.0,33.7,66.0,0.8,3455.3,Stressed
57.1,55.0,28.9,4.0,24.7,17.3,89.9,1.8,2681.4,Poor
86.1,28.6,46.4,6.67,43.1,27.1,62.6,0.7,4604.4,Healthy
64.9,39.2,87.2,6.11,37.0,30.1,61.3,9.4,3817.5,Stressed
78.7,55.4,17.0,7.77,49.2,28.0,65.8,21.9,3488.8,Stressed
86.6,57.7,31.1,6.52,39.8,33.5,63.1,20.0,4842.9,Healthy
86.4,40.6,77.0,5.55,23.4,26.6,61.8,346.2,4334.1,Healthy
88.4,43.9,83.4,6.46,25.4,26.1,82.2,29.2,4455.5,Healthy
112.3,22.2,48.1,5.66,36.2,30.0,67.3,10.9,4453.8,Healthy
89.1,39.6,27.7,6.88,7.2,27.5,75.7,63.1,3543.4,Stressed
75.1,58.4,87.7,6.73,55.1,25.0,80.5,156.1,3738.4,Stressed
99.3,53.6,78.7,7.27,40.3,29.6,70.8,90.7,4653.2,Healthy
103.8,52.5,62.2,5.87,49.7,23.7,50.4,28.1,4492.2,Healthy
55.4,45.7,35.4,6.53,16.0,23.9,44.7,66.0,4040.1,Healthy
91.9,45.1,49.1,5.41,49.9,24.4,67.2,100.4,4149.4,Healthy
94.0,35.1,47.1,7.06,61.8,33.8,62.4,104.2,4102.3,Healthy
74.0,55.5,56.0,6.92,19.1,10.9,66.3,87.9,3327.3,Stressed
107.5,51.3,76.1,6.9,44.3,29.0,64.8,163.7,4110.2,Healthy
77.0,52.4,65.8,6.5,35.0,27.2,100.0,163.3,4256.6,Healthy
82.5,37.1,30.6,6.83,16.5,18.6,45.0,69.2,3796.2,Stressed
76.5,12.7,74.8,7.78,40.9,28.5,35.2,44.9,3654.6,Stressed
80.3,61.5,55.6,6.27,45.0,29.4,70.0,82.1,4259.2,Healthy
58.1,37.8,62.4,6.61,27.8,29.9,59.4,136.4,3981.4,Healthy
51.2,32.1,76.4,5.63,49.0,13.7,69.7,0.5,3552.6,Stressed
111.9,55.4,30.0,5.81,15.0,33.8,73.8,386.2,2581.4,Poor
63.1,39.1,49.4,6.58,17.1,23.3,84.3,16.2,4005.7,Healthy
60.2,60.9,40.4,7.38,36.6,30.4,42.4,50.8,4567.6,Healthy
36.9,54.3,21.8,6.29,35.3,30.7,56.6,164.5,4232.0,Healthy
67.2,55.3,56.2,6.31,26.4,22.6,71.4,20.4,4798.5,Healthy
53.5,24.5,95.2,6.17,44.7,30.3,76.6,51.8,4623.1,Healthy
112.8,63.2,16.9,6.07,41.4,25.1,97.9,11.4,4662.5,Healthy
100.2,48.9,49.4,6.74,45.3,16.6,79.3,40.2,4346.1,Healthy
66.2,39.5,61.5,5.3,33.5,32.8,64.1,15.6,3879.1,Healthy
125.0,47.2,52.2,7.52,42.2,23.1,51.6,36.2,4537.1,Healthy
99.6,18.4,48.0,5.97,29.7,22.7,56.5,37.4,3989.3,Healthy
73.5,51.1,26.6,7.08,59.6,25.0,56.1,398.9,2933.2,Poor
30.0,29.6,54.2,5.48,25.2,28.4,74.8,400.0,3539.3,Stressed
125.8,24.7,36.4,7.04,60.3,26.7,68.9,9.8,3327.2,Stressed
52.2,22.2,10.6,7.04,35.4,29.7,45.1,103.6,3742.0,Stressed
47.1,61.7,71.5,6.81,18.5,20.3,58.5,4.3,3757.9,Stressed
100.5,35.6,67.3,5.7,51.4,23.3,78.2,2.5,4030.6,Healthy
128.8,68.0,50.9,6.7,36.5,26.4,70.3,8.9,3905.7,Healthy
107.7,37.0,54.1,5.55,45.2,36.5,73.5,269.3,3796.7,Stressed
91.3,19.4,69.3,6.3,49.7,26.4,70.7,226.2,4588.3,Healthy
91.9,28.3,54.0,7.32,39.1,32.4,89.4,17.2,3770.1,Stressed
97.1,63.5,66.3,7.14,27.9,27.2,68.5,14.1,4579.6,Healthy
95.2,42.7,44.6,6.51,46.7,24.6,59.2,22.0,4008.0,Healthy
85.6,36.8,73.6,5.72,35.0,25.8,51.3,58.0,5000.0,Healthy
82.1,47.4,55.8,7.02,43.2,26.2,68.7,67.5,4436.0,Healthy
78.7,52.5,53.5,6.52,9.2,30.0,28.4,20.0,3820.5,Stressed
64.9,61.8,27.1,4.64,40.4,33.9,62.2,113.1,3070.0,Poor
74.4,66.7,55.2,7.13,27.3,28.8,61.9,29.6,4022.1,Healthy
46.1,39.6,35.0,6.48,54.8,32.9,44.5,204.2,3961.7,Healthy
78.0,25.1,38.5,7.46,42.5,22.2,51.1,85.5,4207.5,Healthy
60.2,38.8,35.3,5.62,37.9,24.9,77.1,45.9,4106.2,Healthy
57.9,48.9,30.8,4.0,40.8,23.4,68.5,124.8,3433.2,Stressed
83.6,30.5,88.2,6.72,23.0,28.6,66.5,136.3,4461.4,Healthy
107.8,30.6,74.0,6.73,54.5,25.2,69.6,27.5,4211.2,Healthy
98.4,50.2,84.6,5.15,58.9,30.6,66.4,33.2,4127.5,Healthy
48.6,44.3,28.0,5.72,39.7,22.3,83.6,219.9,3981.2,Healthy
60.2,45.5,51.3,8.7,54.1,27.2,66.9,14.4,3308.3,Stressed
98.8,33.6,26.7,6.26,28.2,30.4,43.1,3.4,4319.7,Healthy
60.4,41.5,37.5,7.08,25.4,16.7,89.5,48.4,3225.7,Poor
75.5,31.1,33.5,5.98,35.5,37.6,70.6,129.2,3551.7,Stressed
91.0,58.4,72.3,4.83,40.2,25.6,56.2,118.2,4653.2,Healthy
60.6,60.5,42.9,6.36,30.3,16.9,46.2,201.6,3629.1,Stressed
82.1,17.3,69.2,6.29,41.5,27.8,70.9,60.9,3869.6,Stressed
53.3,31.1,60.9,6.18,38.7,27.2,63.2,8.4,5000.0,Healthy
68.0,22.6,91.5,6.41,23.0,26.6,88.6,71.1,3583.0,Stressed
86.4,35.2,23.4,6.71,41.2,32.0,59.8,120.5,4475.6,Healthy
48.1,43.7,72.7,6.38,45.4,30.7,52.4,7.8,4297.7,Healthy
88.8,23.3,70.6,5.49,37.1,28.5,78.4,15.2,3132.6,Poor
79.6,31.2,32.5,6.89,48.8,29.3,78.9,1.0,4004.3,Healthy
91.0,29.9,68.1,4.94,20.4,26.5,67.5,72.0,3832.8,Stressed
84.5,48.1,56.1,4.86,40.6,35.9,75.1,174.2,4001.4,Healthy
107.3,46.0,45.9,7.09,21.0,19.6,64.4,88.9,4255.4,Healthy
